"Series Key",EBA.US48-ALL.D.H
"Series Name","EBA.US48-ALL.D.H, hourly"
Units,megawatthours
Frequency,H
"Start Date",20231102T20
"End Date",20230408T13
Source,"EIA, U.S. Energy Information Administration"

20231102T20,379564
20231102T19,390938
20231102T18,398476
20231102T17,407072
20231102T16,420587
20231102T15,432752
20231102T14,446761
20231102T13,453589
20231102T12,445622
20231102T11,421474
20231102T10,395116
20231102T09,380796
20231102T08,377311
20231102T07,378525
20231102T06,383570
20231102T05,421496
20231102T04,434426
20231102T03,450361
20231102T02,462985
20231102T01,467207
20231102T00,462810
20231101T23,448974
20231101T22,435556
20231101T21,428129
20231101T20,427742
20231101T19,432745
20231101T18,439344
20231101T17,446957
20231101T16,456203
20231101T15,462672
20231101T14,467749
20231101T13,467765
20231101T12,455564
20231101T11,429081
20231101T10,404083
20231101T09,393028
20231101T08,388291
20231101T07,391706
20231101T06,398082
20231101T05,406874
20231101T04,419979
20231101T03,434658
20231101T02,445722
20231101T01,447553
20231101T00,443301
20231031T23,437297
20231031T22,433189
20231031T21,428875
20231031T20,430929
20231031T19,434700
20231031T18,439489
20231031T17,443977
20231031T16,447509
20231031T15,450883
20231031T14,452149
20231031T13,450066
20231031T12,436866
20231031T11,410398
20231031T10,387520
20231031T09,378843
20231031T08,376194
20231031T07,379881
20231031T06,387489
20231031T05,397360
20231031T04,414110
20231031T03,432623
20231031T02,448278
20231031T01,456062
20231031T00,457211
20231030T23,451056
20231030T22,446168
20231030T21,442885
20231030T20,443192
20231030T19,446365
20231030T18,448973
20231030T17,449052
20231030T16,448641
20231030T15,444804
20231030T14,436721
20231030T13,426605
20231030T12,410307
20231030T11,384297
20231030T10,362045
20231030T09,351450
20231030T08,350188
20231030T07,354960
20231030T06,358606
20231030T05,370535
20231030T04,386768
20231030T03,404843
20231030T02,420378
20231030T01,429942
20231030T00,431885
20231029T23,429268
20231029T22,426488
20231029T21,422546
20231029T20,418856
20231029T19,416729
20231029T18,412593
20231029T17,406780
20231029T16,397844
20231029T15,386383
20231029T14,373491
20231029T13,360147
20231029T12,348857
20231029T11,341786
20231029T10,339301
20231029T09,340427
20231029T08,344006
20231029T07,350255
20231029T06,359369
20231029T05,372152
20231029T04,388041
20231029T03,402663
20231029T02,414693
20231029T01,423417
20231029T00,428357
20231028T23,428592
20231028T22,428633
20231028T21,426377
20231028T20,422287
20231028T19,418795
20231028T18,414131
20231028T17,409479
20231028T16,402867
20231028T15,392699
20231028T14,379870
20231028T13,368354
20231028T12,357006
20231028T11,347598
20231028T10,342654
20231028T09,343339
20231028T08,347230
20231028T07,355969
20231028T06,367378
20231028T05,381658
20231028T04,397913
20231028T03,415695
20231028T02,429991
20231028T01,440148
20231028T00,446766
20231027T23,450775
20231027T22,455535
20231027T21,456353
20231027T20,453376
20231027T19,450776
20231027T18,448564
20231027T17,444246
20231027T16,437279
20231027T15,428564
20231027T14,418361
20231027T13,409337
20231027T12,397148
20231027T11,375816
20231027T10,358755
20231027T09,353195
20231027T08,354804
20231027T07,361712
20231027T06,373277
20231027T05,387699
20231027T04,407515
20231027T03,426752
20231027T02,442775
20231027T01,453293
20231027T00,459043
20231026T23,458033
20231026T22,457657
20231026T21,455082
20231026T20,449752
20231026T19,445779
20231026T18,440900
20231026T17,435244
20231026T16,429692
20231026T15,423449
20231026T14,415518
20231026T13,408582
20231026T12,398259
20231026T11,376352
20231026T10,356878
20231026T09,349793
20231026T08,351445
20231026T07,357381
20231026T06,368858
20231026T05,383683
20231026T04,401707
20231026T03,422091
20231026T02,439976
20231026T01,450299
20231026T00,455565
20231025T23,454772
20231025T22,452871
20231025T21,448796
20231025T20,445511
20231025T19,440434
20231025T18,437356
20231025T17,429426
20231025T16,424941
20231025T15,419785
20231025T14,414428
20231025T13,409518
20231025T12,399691
20231025T11,377674
20231025T10,358525
20231025T09,351634
20231025T08,352407
20231025T07,356702
20231025T06,371215
20231025T05,387537
20231025T04,420859
20231025T03,443412
20231025T02,463760
20231025T01,477241
20231025T00,483245
20231024T23,480655
20231024T22,476593
20231024T21,470181
20231024T20,463263
20231024T19,458026
20231024T18,453262
20231024T17,449022
20231024T16,445319
20231024T15,442322
20231024T14,438800
20231024T13,433874
20231024T12,423021
20231024T11,399951
20231024T10,377850
20231024T09,368519
20231024T08,369143
20231024T07,375938
20231024T06,386445
20231024T05,400413
20231024T04,420437
20231024T03,442277
20231024T02,461027
20231024T01,473838
20231024T00,479217
20231023T23,476323
20231023T22,473352
20231023T21,467106
20231023T20,461388
20231023T19,456877
20231023T18,452068
20231023T17,446161
20231023T16,441144
20231023T15,436485
20231023T14,432463
20231023T13,429674
20231023T12,418857
20231023T11,394050
20231023T10,369737
20231023T09,359433
20231023T08,358028
20231023T07,362791
20231023T06,371865
20231023T05,384933
20231023T04,399852
20231023T03,419665
20231023T02,436136
20231023T01,446694
20231023T00,449265
20231022T23,444809
20231022T22,438906
20231022T21,430320
20231022T20,422344
20231022T19,413713
20231022T18,406756
20231022T17,398699
20231022T16,388632
20231022T15,379875
20231022T14,370921
20231022T13,362014
20231022T12,352067
20231022T11,345139
20231022T10,341983
20231022T09,343191
20231022T08,347838
20231022T07,355792
20231022T06,366934
20231022T05,380103
20231022T04,396746
20231022T03,413212
20231022T02,428016
20231022T01,439785
20231022T00,446117
20231021T23,445800
20231021T22,445008
20231021T21,438570
20231021T20,430660
20231021T19,424321
20231021T18,417657
20231021T17,411478
20231021T16,404258
20231021T15,395521
20231021T14,385347
20231021T13,373885
20231021T12,361741
20231021T11,352029
20231021T10,346705
20231021T09,347232
20231021T08,352662
20231021T07,362007
20231021T06,372789
20231021T05,387728
20231021T04,409775
20231021T03,430103
20231021T02,449073
20231021T01,462927
20231021T00,473029
20231020T23,477783
20231020T22,476634
20231020T21,469852
20231020T20,462440
20231020T19,456429
20231020T18,450464
20231020T17,442538
20231020T16,434161
20231020T15,427777
20231020T14,419114
20231020T13,410721
20231020T12,399106
20231020T11,378581
20231020T10,359145
20231020T09,353124
20231020T08,354695
20231020T07,362354
20231020T06,375191
20231020T05,391732
20231020T04,413302
20231020T03,436671
20231020T02,457472
20231020T01,471734
20231020T00,476545
20231019T23,474610
20231019T22,469181
20231019T21,461751
20231019T20,454728
20231019T19,448074
20231019T18,441865
20231019T17,435267
20231019T16,430176
20231019T15,426558
20231019T14,422067
20231019T13,419493
20231019T12,409562
20231019T11,386994
20231019T10,364167
20231019T09,356480
20231019T08,357141
20231019T07,363582
20231019T06,373812
20231019T05,388472
20231019T04,409441
20231019T03,431952
20231019T02,451504
20231019T01,464298
20231019T00,467831
20231018T23,461932
20231018T22,455533
20231018T21,448328
20231018T20,443007
20231018T19,437669
20231018T18,433903
20231018T17,430469
20231018T16,428333
20231018T15,427286
20231018T14,426456
20231018T13,423874
20231018T12,413256
20231018T11,388450
20231018T10,364793
20231018T09,357112
20231018T08,357133
20231018T07,363191
20231018T06,372676
20231018T05,386822
20231018T04,406906
20231018T03,427706
20231018T02,446245
20231018T01,458229
20231018T00,459744
20231017T23,453373
20231017T22,444896
20231017T21,436511
20231017T20,430814
20231017T19,428953
20231017T18,427489
20231017T17,426609
20231017T16,426578
20231017T15,426319
20231017T14,425317
20231017T13,423575
20231017T12,414382
20231017T11,391433
20231017T10,368023
20231017T09,359329
20231017T08,358595
20231017T07,363994
20231017T06,372707
20231017T05,386454
20231017T04,405141
20231017T03,427388
20231017T02,446686
20231017T01,458373
20231017T00,459724
20231016T23,452482
20231016T22,443150
20231016T21,435147
20231016T20,430056
20231016T19,429881
20231016T18,429515
20231016T17,428494
20231016T16,427704
20231016T15,426395
20231016T14,422772
20231016T13,416368
20231016T12,403926
20231016T11,380516
20231016T10,357408
20231016T09,347030
20231016T08,346340
20231016T07,351285
20231016T06,360267
20231016T05,372689
20231016T04,390229
20231016T03,409900
20231016T02,425525
20231016T01,435152
20231016T00,432782
20231015T23,422647
20231015T22,412230
20231015T21,403629
20231015T20,397782
20231015T19,396143
20231015T18,393565
20231015T17,389706
20231015T16,384358
20231015T15,378191
20231015T14,369399
20231015T13,358237
20231015T12,347964
20231015T11,339257
20231015T10,335656
20231015T09,336294
20231015T08,339606
20231015T07,346794
20231015T06,357479
20231015T05,370832
20231015T04,388147
20231015T03,404609
20231015T02,417416
20231015T01,425269
20231015T00,427301
20231014T23,425228
20231014T22,423080
20231014T21,418830
20231014T20,413886
20231014T19,411551
20231014T18,416370
20231014T17,416763
20231014T16,410219
20231014T15,402386
20231014T14,390606
20231014T13,377210
20231014T12,365704
20231014T11,356947
20231014T10,351537
20231014T09,351946
20231014T08,357726
20231014T07,366701
20231014T06,379243
20231014T05,395225
20231014T04,413971
20231014T03,432821
20231014T02,448899
20231014T01,460469
20231014T00,468266
20231013T23,471466
20231013T22,472494
20231013T21,468845
20231013T20,464495
20231013T19,461057
20231013T18,455992
20231013T17,450291
20231013T16,444264
20231013T15,438239
20231013T14,427826
20231013T13,419523
20231013T12,407868
20231013T11,387015
20231013T10,370100
20231013T09,362932
20231013T08,364453
20231013T07,371183
20231013T06,382919
20231013T05,399974
20231013T04,419732
20231013T03,440845
20231013T02,459723
20231013T01,471238
20231013T00,474714
20231012T23,471424
20231012T22,468124
20231012T21,462633
20231012T20,456422
20231012T19,452662
20231012T18,450032
20231012T17,446149
20231012T16,442510
20231012T15,436605
20231012T14,428089
20231012T13,421625
20231012T12,410287
20231012T11,388337
20231012T10,368577
20231012T09,361522
20231012T08,362123
20231012T07,369056
20231012T06,379578
20231012T05,395247
20231012T04,413280
20231012T03,434071
20231012T02,452030
20231012T01,463223
20231012T00,466568
20231011T23,462699
20231011T22,458973
20231011T21,454419
20231011T20,450779
20231011T19,447820
20231011T18,445526
20231011T17,441595
20231011T16,436902
20231011T15,432386
20231011T14,425825
20231011T13,421443
20231011T12,410808
20231011T11,389554
20231011T10,369096
20231011T09,360892
20231011T08,362393
20231011T07,369487
20231011T06,382106
20231011T05,398124
20231011T04,417219
20231011T03,439555
20231011T02,459759
20231011T01,473275
20231011T00,476328
20231010T23,472816
20231010T22,470192
20231010T21,465404
20231010T20,458888
20231010T19,453154
20231010T18,448257
20231010T17,440709
20231010T16,434034
20231010T15,427456
20231010T14,422110
20231010T13,417357
20231010T12,406784
20231010T11,385407
20231010T10,365006
20231010T09,357506
20231010T08,358790
20231010T07,365340
20231010T06,376661
20231010T05,392516
20231010T04,412469
20231010T03,434580
20231010T02,455306
20231010T01,469940
20231010T00,474209
20231009T23,472557
20231009T22,463994
20231009T21,457498
20231009T20,448470
20231009T19,441010
20231009T18,435133
20231009T17,429184
20231009T16,423414
20231009T15,418590
20231009T14,414138
20231009T13,406668
20231009T12,394308
20231009T11,373527
20231009T10,353919
20231009T09,345235
20231009T08,345023
20231009T07,351297
20231009T06,360896
20231009T05,375300
20231009T04,394709
20231009T03,414902
20231009T02,432225
20231009T01,443207
20231009T00,442750
20231008T23,434591
20231008T22,425232
20231008T21,413701
20231008T20,404071
20231008T19,398540
20231008T18,394966
20231008T17,388420
20231008T16,381393
20231008T15,375225
20231008T14,368030
20231008T13,357530
20231008T12,347783
20231008T11,341160
20231008T10,337809
20231008T09,338282
20231008T08,342574
20231008T07,350484
20231008T06,361241
20231008T05,376191
20231008T04,395016
20231008T03,414230
20231008T02,430489
20231008T01,440617
20231008T00,443155
20231007T23,439963
20231007T22,437564
20231007T21,433190
20231007T20,428723
20231007T19,426181
20231007T18,423386
20231007T17,420616
20231007T16,413624
20231007T15,405028
20231007T14,393508
20231007T13,379800
20231007T12,367855
20231007T11,360144
20231007T10,356303
20231007T09,357543
20231007T08,363908
20231007T07,374499
20231007T06,389312
20231007T05,408180
20231007T04,431904
20231007T03,455329
20231007T02,476401
20231007T01,493008
20231007T00,500911
20231006T23,506417
20231006T22,510180
20231006T21,508735
20231006T20,503428
20231006T19,496353
20231006T18,488523
20231006T17,477909
20231006T16,464676
20231006T15,452242
20231006T14,438619
20231006T13,425568
20231006T12,411665
20231006T11,393534
20231006T10,376829
20231006T09,372158
20231006T08,375532
20231006T07,385765
20231006T06,401343
20231006T05,420333
20231006T04,445883
20231006T03,473783
20231006T02,496793
20231006T01,512413
20231006T00,518786
20231005T23,519818
20231005T22,520727
20231005T21,516148
20231005T20,508949
20231005T19,501042
20231005T18,491702
20231005T17,480212
20231005T16,467407
20231005T15,454898
20231005T14,443211
20231005T13,430904
20231005T12,419787
20231005T11,402308
20231005T10,384720
20231005T09,378724
20231005T08,383312
20231005T07,393598
20231005T06,410752
20231005T05,431544
20231005T04,457343
20231005T03,486415
20231005T02,513683
20231005T01,534188
20231005T00,544611
20231004T23,551012
20231004T22,556661
20231004T21,554194
20231004T20,545893
20231004T19,534062
20231004T18,520203
20231004T17,503674
20231004T16,484708
20231004T15,467340
20231004T14,449059
20231004T13,435638
20231004T12,424183
20231004T11,405207
20231004T10,385767
20231004T09,379643
20231004T08,383897
20231004T07,394049
20231004T06,410491
20231004T05,431129
20231004T04,458463
20231004T03,487663
20231004T02,512246
20231004T01,533625
20231004T00,545181
20231003T23,554955
20231003T22,561536
20231003T21,555617
20231003T20,545611
20231003T19,531436
20231003T18,514601
20231003T17,494556
20231003T16,474719
20231003T15,455543
20231003T14,438375
20231003T13,426669
20231003T12,415938
20231003T11,398011
20231003T10,379269
20231003T09,373201
20231003T08,376901
20231003T07,387756
20231003T06,403501
20231003T05,425039
20231003T04,452606
20231003T03,483052
20231003T02,509910
20231003T01,531495
20231003T00,545996
20231002T23,557110
20231002T22,564606
20231002T21,560799
20231002T20,549432
20231002T19,535230
20231002T18,519134
20231002T17,498782
20231002T16,477800
20231002T15,456946
20231002T14,437181
20231002T13,423270
20231002T12,411776
20231002T11,393000
20231002T10,374316
20231002T09,367617
20231002T08,370612
20231002T07,380255
20231002T06,394278
20231002T05,413881
20231002T04,438987
20231002T03,465320
20231002T02,488236
20231002T01,507406
20231002T00,519369
20231001T23,527013
20231001T22,528970
20231001T21,521107
20231001T20,508609
20231001T19,495084
20231001T18,478222
20231001T17,457619
20231001T16,433397
20231001T15,411808
20231001T14,392161
20231001T13,375848
20231001T12,365943
20231001T11,361525
20231001T10,360609
20231001T09,364072
20231001T08,371553
20231001T07,382777
20231001T06,398321
20231001T05,416793
20231001T04,440404
20231001T03,461245
20231001T02,480512
20231001T01,499796
20231001T00,514876
20230930T23,527414
20230930T22,532151
20230930T21,528175
20230930T20,518487
20230930T19,506822
20230930T18,492453
20230930T17,473563
20230930T16,453152
20230930T15,431786
20230930T14,411077
20230930T13,393057
20230930T12,382720
20230930T11,376001
20230930T10,372471
20230930T09,374705
20230930T08,380949
20230930T07,393021
20230930T06,409875
20230930T05,430014
20230930T04,454258
20230930T03,476805
20230930T02,498804
20230930T01,518524
20230930T00,533268
20230929T23,545329
20230929T22,551247
20230929T21,546651
20230929T20,538212
20230929T19,527777
20230929T18,514606
20230929T17,498178
20230929T16,481337
20230929T15,464257
20230929T14,446984
20230929T13,432682
20230929T12,420997
20230929T11,402378
20230929T10,385688
20230929T09,381208
20230929T08,385832
20230929T07,396675
20230929T06,412092
20230929T05,433570
20230929T04,458989
20230929T03,484576
20230929T02,508436
20230929T01,525748
20230929T00,533741
20230928T23,538226
20230928T22,534644
20230928T21,531199
20230928T20,520983
20230928T19,509661
20230928T18,497890
20230928T17,484358
20230928T16,469961
20230928T15,454907
20230928T14,441137
20230928T13,431182
20230928T12,420852
20230928T11,402043
20230928T10,384813
20230928T09,378484
20230928T08,383109
20230928T07,393861
20230928T06,409118
20230928T05,430086
20230928T04,455229
20230928T03,481377
20230928T02,505359
20230928T01,523686
20230928T00,532333
20230927T23,535275
20230927T22,535330
20230927T21,529184
20230927T20,519670
20230927T19,509850
20230927T18,496407
20230927T17,482840
20230927T16,467462
20230927T15,454049
20230927T14,441233
20230927T13,432023
20230927T12,423195
20230927T11,404311
20230927T10,387007
20230927T09,381286
20230927T08,385299
20230927T07,395743
20230927T06,411791
20230927T05,432183
20230927T04,458601
20230927T03,487964
20230927T02,513894
20230927T01,532382
20230927T00,543177
20230926T23,548832
20230926T22,550440
20230926T21,546358
20230926T20,537510
20230926T19,527273
20230926T18,514805
20230926T17,499575
20230926T16,481623
20230926T15,464249
20230926T14,447263
20230926T13,434421
20230926T12,423756
20230926T11,406151
20230926T10,387508
20230926T09,382518
20230926T08,386191
20230926T07,396939
20230926T06,412862
20230926T05,434004
20230926T04,461280
20230926T03,489136
20230926T02,513765
20230926T01,534144
20230926T00,546444
20230925T23,554276
20230925T22,558100
20230925T21,554239
20230925T20,546763
20230925T19,536039
20230925T18,520240
20230925T17,501850
20230925T16,482195
20230925T15,464247
20230925T14,447085
20230925T13,432248
20230925T12,417395
20230925T11,398628
20230925T10,381198
20230925T09,375901
20230925T08,379163
20230925T07,388762
20230925T06,403262
20230925T05,423805
20230925T04,447336
20230925T03,471975
20230925T02,494708
20230925T01,511616
20230925T00,518912
20230924T23,523612
20230924T22,521810
20230924T21,514310
20230924T20,503188
20230924T19,490954
20230924T18,475901
20230924T17,457443
20230924T16,435664
20230924T15,416015
20230924T14,395682
20230924T13,379423
20230924T12,368941
20230924T11,365131
20230924T10,364346
20230924T09,368316
20230924T08,375345
20230924T07,383631
20230924T06,397829
20230924T05,416631
20230924T04,438406
20230924T03,460498
20230924T02,478537
20230924T01,493555
20230924T00,504832
20230923T23,515678
20230923T22,518449
20230923T21,513553
20230923T20,505368
20230923T19,493550
20230923T18,480907
20230923T17,464662
20230923T16,446439
20230923T15,427481
20230923T14,408703
20230923T13,391264
20230923T12,380540
20230923T11,374462
20230923T10,371603
20230923T09,374528
20230923T08,382106
20230923T07,394437
20230923T06,410723
20230923T05,429673
20230923T04,451967
20230923T03,474150
20230923T02,494047
20230923T01,511149
20230923T00,525216
20230922T23,538913
20230922T22,544746
20230922T21,541134
20230922T20,534347
20230922T19,524867
20230922T18,512185
20230922T17,497385
20230922T16,480437
20230922T15,463019
20230922T14,446782
20230922T13,434630
20230922T12,424010
20230922T11,408004
20230922T10,391533
20230922T09,386126
20230922T08,390570
20230922T07,401110
20230922T06,417298
20230922T05,438340
20230922T04,463916
20230922T03,490920
20230922T02,515079
20230922T01,533819
20230922T00,544147
20230921T23,553813
20230921T22,559207
20230921T21,555883
20230921T20,547405
20230921T19,534908
20230921T18,519814
20230921T17,501814
20230921T16,482147
20230921T15,462973
20230921T14,446550
20230921T13,434271
20230921T12,423675
20230921T11,406730
20230921T10,389925
20230921T09,384214
20230921T08,388704
20230921T07,399539
20230921T06,415477
20230921T05,436276
20230921T04,462338
20230921T03,489075
20230921T02,515110
20230921T01,532707
20230921T00,542224
20230920T23,551520
20230920T22,554600
20230920T21,548799
20230920T20,538049
20230920T19,524834
20230920T18,508469
20230920T17,495046
20230920T16,472055
20230920T15,454831
20230920T14,438795
20230920T13,427228
20230920T12,417375
20230920T11,400092
20230920T10,382229
20230920T09,378292
20230920T08,382293
20230920T07,392739
20230920T06,408232
20230920T05,428816
20230920T04,454696
20230920T03,482000
20230920T02,507306
20230920T01,526412
20230920T00,535514
20230919T23,542246
20230919T22,543859
20230919T21,537662
20230919T20,526719
20230919T19,514578
20230919T18,504706
20230919T17,485829
20230919T16,466580
20230919T15,449684
20230919T14,435142
20230919T13,424592
20230919T12,413891
20230919T11,397687
20230919T10,381753
20230919T09,376716
20230919T08,380690
20230919T07,391425
20230919T06,407492
20230919T05,427989
20230919T04,454317
20230919T03,482250
20230919T02,509154
20230919T01,530457
20230919T00,542625
20230918T23,550615
20230918T22,551798
20230918T21,545800
20230918T20,536348
20230918T19,525007
20230918T18,511994
20230918T17,498667
20230918T16,477120
20230918T15,458672
20230918T14,441714
20230918T13,427348
20230918T12,413666
20230918T11,395178
20230918T10,377926
20230918T09,371766
20230918T08,374775
20230918T07,384195
20230918T06,399211
20230918T05,417829
20230918T04,441576
20230918T03,467315
20230918T02,490873
20230918T01,508433
20230918T00,515352
20230917T23,518650
20230917T22,516133
20230917T21,506462
20230917T20,493676
20230917T19,480974
20230917T18,465782
20230917T17,448068
20230917T16,427125
20230917T15,407261
20230917T14,390046
20230917T13,374640
20230917T12,366230
20230917T11,363303
20230917T10,362039
20230917T09,364674
20230917T08,371923
20230917T07,382852
20230917T06,397110
20230917T05,415359
20230917T04,436171
20230917T03,457336
20230917T02,476089
20230917T01,491379
20230917T00,499238
20230916T23,505569
20230916T22,507439
20230916T21,501837
20230916T20,492239
20230916T19,481746
20230916T18,469105
20230916T17,455567
20230916T16,437995
20230916T15,420018
20230916T14,403966
20230916T13,390154
20230916T12,378915
20230916T11,374034
20230916T10,370455
20230916T09,372477
20230916T08,379507
20230916T07,390795
20230916T06,407368
20230916T05,428150
20230916T04,452125
20230916T03,475517
20230916T02,497087
20230916T01,513764
20230916T00,523940
20230915T23,533080
20230915T22,537305
20230915T21,533107
20230915T20,524739
20230915T19,513197
20230915T18,500387
20230915T17,486280
20230915T16,474933
20230915T15,455645
20230915T14,442132
20230915T13,430363
20230915T12,419953
20230915T11,405723
20230915T10,390819
20230915T09,386065
20230915T08,390586
20230915T07,401165
20230915T06,418984
20230915T05,441276
20230915T04,468517
20230915T03,495888
20230915T02,521081
20230915T01,537853
20230915T00,544654
20230914T23,552274
20230914T22,555485
20230914T21,550362
20230914T20,541118
20230914T19,530675
20230914T18,518518
20230914T17,501493
20230914T16,485185
20230914T15,469138
20230914T14,454640
20230914T13,442416
20230914T12,431418
20230914T11,416209
20230914T10,400092
20230914T09,394809
20230914T08,400221
20230914T07,411622
20230914T06,429338
20230914T05,451092
20230914T04,479379
20230914T03,508809
20230914T02,535321
20230914T01,552723
20230914T00,560772
20230913T23,570235
20230913T22,574642
20230913T21,570849
20230913T20,562064
20230913T19,550943
20230913T18,537995
20230913T17,521889
20230913T16,503243
20230913T15,484269
20230913T14,468002
20230913T13,453855
20230913T12,442336
20230913T11,427468
20230913T10,411748
20230913T09,406680
20230913T08,411982
20230913T07,423875
20230913T06,441608
20230913T05,463252
20230913T04,491328
20230913T03,521368
20230913T02,549380
20230913T01,569106
20230913T00,578834
20230912T23,587476
20230912T22,593296
20230912T21,588813
20230912T20,579826
20230912T19,568784
20230912T18,555804
20230912T17,536961
20230912T16,516103
20230912T15,494622
20230912T14,474986
20230912T13,460251
20230912T12,448053
20230912T11,431137
20230912T10,415454
20230912T09,410160
20230912T08,415199
20230912T07,428058
20230912T06,446615
20230912T05,471032
20230912T04,501142
20230912T03,531913
20230912T02,562784
20230912T01,586148
20230912T00,598326
20230911T23,609507
20230911T22,614166
20230911T21,610529
20230911T20,601423
20230911T19,587588
20230911T18,569308
20230911T17,547414
20230911T16,521924
20230911T15,497675
20230911T14,476331
20230911T13,458937
20230911T12,443792
20230911T11,427980
20230911T10,410527
20230911T09,404746
20230911T08,409154
20230911T07,420850
20230911T06,438312
20230911T05,461831
20230911T04,490049
20230911T03,519550
20230911T02,547163
20230911T01,567381
20230911T00,577146
20230910T23,585119
20230910T22,583968
20230910T21,573490
20230910T20,557811
20230910T19,541059
20230910T18,521437
20230910T17,497390
20230910T16,471867
20230910T15,448490
20230910T14,426358
20230910T13,406448
20230910T12,396125
20230910T11,393596
20230910T10,393883
20230910T09,399411
20230910T08,409232
20230910T07,423362
20230910T06,441875
20230910T05,465150
20230910T04,492374
20230910T03,518541
20230910T02,542647
20230910T01,561812
20230910T00,575564
20230909T23,584253
20230909T22,585740
20230909T21,580688
20230909T20,572383
20230909T19,560677
20230909T18,543269
20230909T17,520442
20230909T16,494241
20230909T15,469468
20230909T14,446354
20230909T13,428008
20230909T12,416594
20230909T11,412800
20230909T10,411738
20230909T09,416282
20230909T08,426850
20230909T07,441492
20230909T06,460897
20230909T05,485047
20230909T04,516038
20230909T03,546448
20230909T02,572757
20230909T01,593588
20230909T00,608661
20230908T23,623513
20230908T22,630633
20230908T21,627624
20230908T20,622358
20230908T19,613705
20230908T18,595263
20230908T17,570701
20230908T16,544539
20230908T15,519361
20230908T14,496695
20230908T13,480582
20230908T12,468712
20230908T11,455217
20230908T10,439862
20230908T09,437802
20230908T08,446317
20230908T07,461709
20230908T06,483282
20230908T05,509398
20230908T04,540946
20230908T03,575341
20230908T02,606494
20230908T01,630521
20230908T00,645518
20230907T23,659537
20230907T22,666836
20230907T21,665250
20230907T20,658144
20230907T19,645357
20230907T18,626943
20230907T17,601372
20230907T16,571422
20230907T15,541487
20230907T14,514404
20230907T13,494952
20230907T12,481506
20230907T11,466804
20230907T10,452045
20230907T09,449211
20230907T08,457632
20230907T07,473301
20230907T06,496043
20230907T05,523609
20230907T04,556374
20230907T03,592706
20230907T02,625796
20230907T01,653178
20230907T00,670565
20230906T23,683039
20230906T22,686021
20230906T21,680020
20230906T20,669198
20230906T19,654491
20230906T18,634653
20230906T17,608801
20230906T16,580032
20230906T15,550646
20230906T14,523040
20230906T13,502865
20230906T12,489248
20230906T11,473592
20230906T10,458365
20230906T09,455670
20230906T08,464304
20230906T07,482055
20230906T06,505084
20230906T05,533302
20230906T04,568254
20230906T03,605916
20230906T02,639640
20230906T01,666452
20230906T00,682327
20230905T23,695316
20230905T22,700097
20230905T21,695892
20230905T20,687310
20230905T19,672830
20230905T18,650834
20230905T17,622100
20230905T16,589659
20230905T15,556601
20230905T14,524754
20230905T13,498611
20230905T12,480268
20230905T11,464816
20230905T10,447630
20230905T09,443332
20230905T08,450127
20230905T07,465446
20230905T06,486739
20230905T05,513588
20230905T04,545046
20230905T03,579029
20230905T02,611488
20230905T01,636077
20230905T00,652627
20230904T23,664734
20230904T22,666120
20230904T21,657452
20230904T20,643245
20230904T19,626354
20230904T18,603045
20230904T17,573816
20230904T16,536480
20230904T15,495602
20230904T14,458256
20230904T13,430524
20230904T12,416705
20230904T11,415758
20230904T10,415513
20230904T09,419231
20230904T08,428791
20230904T07,443074
20230904T06,463071
20230904T05,487716
20230904T04,516766
20230904T03,545158
20230904T02,571501
20230904T01,594854
20230904T00,615181
20230903T23,631882
20230903T22,635107
20230903T21,626462
20230903T20,610694
20230903T19,589160
20230903T18,564084
20230903T17,532824
20230903T16,498027
20230903T15,464348
20230903T14,433157
20230903T13,409097
20230903T12,396834
20230903T11,395185
20230903T10,396666
20230903T09,402574
20230903T08,413008
20230903T07,428224
20230903T06,446924
20230903T05,468518
20230903T04,494273
20230903T03,520265
20230903T02,545933
20230903T01,567036
20230903T00,584898
20230902T23,598186
20230902T22,599632
20230902T21,590642
20230902T20,574335
20230902T19,553045
20230902T18,529862
20230902T17,503361
20230902T16,474774
20230902T15,448458
20230902T14,423582
20230902T13,405337
20230902T12,396365
20230902T11,394157
20230902T10,394278
20230902T09,399098
20230902T08,408975
20230902T07,423716
20230902T06,441971
20230902T05,464884
20230902T04,490397
20230902T03,518805
20230902T02,545242
20230902T01,567725
20230902T00,586595
20230901T23,601427
20230901T22,606312
20230901T21,599557
20230901T20,586987
20230901T19,570172
20230901T18,550174
20230901T17,527869
20230901T16,504398
20230901T15,481755
20230901T14,460720
20230901T13,444729
20230901T12,434360
20230901T11,422383
20230901T10,411467
20230901T09,410037
20230901T08,416828
20230901T07,431502
20230901T06,451374
20230901T05,474932
20230901T04,505382
20230901T03,538222
20230901T02,568246
20230901T01,590058
20230901T00,605703
20230831T23,616864
20230831T22,618130
20230831T21,608918
20230831T20,594091
20230831T19,578261
20230831T18,557262
20230831T17,534710
20230831T16,510180
20230831T15,488483
20230831T14,468137
20230831T13,453429
20230831T12,443485
20230831T11,431367
20230831T10,419974
20230831T09,417963
20230831T08,425647
20230831T07,441836
20230831T06,462278
20230831T05,488286
20230831T04,520347
20230831T03,552181
20230831T02,580993
20230831T01,602073
20230831T00,615031
20230830T23,624885
20230830T22,626274
20230830T21,618171
20230830T20,606448
20230830T19,591839
20230830T18,574410
20230830T17,555167
20230830T16,533401
20230830T15,512913
20230830T14,495081
20230830T13,479048
20230830T12,467838
20230830T11,453382
20230830T10,439550
20230830T09,437088
20230830T08,445183
20230830T07,459555
20230830T06,481182
20230830T05,507835
20230830T04,539285
20230830T03,571318
20230830T02,601915
20230830T01,623838
20230830T00,638652
20230829T23,648633
20230829T22,650686
20230829T21,645479
20230829T20,632677
20230829T19,616254
20230829T18,596227
20230829T17,572641
20230829T16,546573
20230829T15,521320
20230829T14,499454
20230829T13,481910
20230829T12,469470
20230829T11,455117
20230829T10,440152
20230829T09,435438
20230829T08,442201
20230829T07,457600
20230829T06,479400
20230829T05,510302
20230829T04,540568
20230829T03,571424
20230829T02,599795
20230829T01,619639
20230829T00,631557
20230828T23,640533
20230828T22,642401
20230828T21,636048
20230828T20,625392
20230828T19,610580
20230828T18,593570
20230828T17,572833
20230828T16,548271
20230828T15,523491
20230828T14,499738
20230828T13,482477
20230828T12,468370
20230828T11,453435
20230828T10,438198
20230828T09,433354
20230828T08,439701
20230828T07,453729
20230828T06,473997
20230828T05,498989
20230828T04,529451
20230828T03,561976
20230828T02,589344
20230828T01,607407
20230828T00,618554
20230827T23,627678
20230827T22,629514
20230827T21,623244
20230827T20,610813
20230827T19,595087
20230827T18,574491
20230827T17,548271
20230827T16,517443
20230827T15,486571
20230827T14,459609
20230827T13,438731
20230827T12,425758
20230827T11,425639
20230827T10,429716
20230827T09,437556
20230827T08,449973
20230827T07,467337
20230827T06,489547
20230827T05,515450
20230827T04,546026
20230827T03,575983
20230827T02,602985
20230827T01,624544
20230827T00,641879
20230826T23,656010
20230826T22,659497
20230826T21,654999
20230826T20,644382
20230826T19,631372
20230826T18,613030
20230826T17,587776
20230826T16,554912
20230826T15,522310
20230826T14,492674
20230826T13,467969
20230826T12,453402
20230826T11,450620
20230826T10,453263
20230826T09,460533
20230826T08,473488
20230826T07,491952
20230826T06,514352
20230826T05,543617
20230826T04,577496
20230826T03,610758
20230826T02,641175
20230826T01,665503
20230826T00,684967
20230825T23,700303
20230825T22,706701
20230825T21,702949
20230825T20,694619
20230825T19,682643
20230825T18,662252
20230825T17,633055
20230825T16,600883
20230825T15,567692
20230825T14,536696
20230825T13,513010
20230825T12,496839
20230825T11,485789
20230825T10,474857
20230825T09,474563
20230825T08,484481
20230825T07,502717
20230825T06,526612
20230825T05,555511
20230825T04,589448
20230825T03,625707
20230825T02,657805
20230825T01,680220
20230825T00,695326
20230824T23,706096
20230824T22,708672
20230824T21,703087
20230824T20,693273
20230824T19,677494
20230824T18,654713
20230824T17,626043
20230824T16,595325
20230824T15,563014
20230824T14,534063
20230824T13,512513
20230824T12,499814
20230824T11,487686
20230824T10,474987
20230824T09,473985
20230824T08,483378
20230824T07,501064
20230824T06,524607
20230824T05,553399
20230824T04,588580
20230824T03,624021
20230824T02,655873
20230824T01,679363
20230824T00,695023
20230823T23,706706
20230823T22,707813
20230823T21,699262
20230823T20,685415
20230823T19,668004
20230823T18,645490
20230823T17,616135
20230823T16,584688
20230823T15,552870
20230823T14,523362
20230823T13,502736
20230823T12,488887
20230823T11,476873
20230823T10,464513
20230823T09,464167
20230823T08,473027
20230823T07,490769
20230823T06,513739
20230823T05,541868
20230823T04,576474
20230823T03,611830
20230823T02,644869
20230823T01,666933
20230823T00,682743
20230822T23,695537
20230822T22,697979
20230822T21,690581
20230822T20,677352
20230822T19,661174
20230822T18,641246
20230822T17,616247
20230822T16,587106
20230822T15,556096
20230822T14,527976
20230822T13,506923
20230822T12,492925
20230822T11,482169
20230822T10,470132
20230822T09,469535
20230822T08,479154
20230822T07,497512
20230822T06,521193
20230822T05,549755
20230822T04,583037
20230822T03,619364
20230822T02,653249
20230822T01,677635
20230822T00,696494
20230821T23,710037
20230821T22,713362
20230821T21,708690
20230821T20,699613
20230821T19,685541
20230821T18,664264
20230821T17,634711
20230821T16,601771
20230821T15,565752
20230821T14,532491
20230821T13,505480
20230821T12,487408
20230821T11,473351
20230821T10,459129
20230821T09,456595
20230821T08,464744
20230821T07,480964
20230821T06,503002
20230821T05,529838
20230821T04,559517
20230821T03,593151
20230821T02,623774
20230821T01,645700
20230821T00,662330
20230820T23,672783
20230820T22,671163
20230820T21,659761
20230820T20,642871
20230820T19,620886
20230820T18,593085
20230820T17,561348
20230820T16,524100
20230820T15,487527
20230820T14,454239
20230820T13,429579
20230820T12,417424
20230820T11,416700
20230820T10,419627
20230820T09,426953
20230820T08,438508
20230820T07,454584
20230820T06,475731
20230820T05,499376
20230820T04,527935
20230820T03,556940
20230820T02,582929
20230820T01,604860
20230820T00,623177
20230819T23,635258
20230819T22,634432
20230819T21,624008
20230819T20,606772
20230819T19,585914
20230819T18,562662
20230819T17,537515
20230819T16,508019
20230819T15,477826
20230819T14,449728
20230819T13,428955
20230819T12,417242
20230819T11,414436
20230819T10,416770
20230819T09,422939
20230819T08,434985
20230819T07,451618
20230819T06,472014
20230819T05,499311
20230819T04,530708
20230819T03,562300
20230819T02,590798
20230819T01,612531
20230819T00,633368
20230818T23,649389
20230818T22,653793
20230818T21,648622
20230818T20,638213
20230818T19,623322
20230818T18,603963
20230818T17,580598
20230818T16,554222
20230818T15,526730
20230818T14,502192
20230818T13,481527
20230818T12,467319
20230818T11,456984
20230818T10,448286
20230818T09,448138
20230818T08,457379
20230818T07,474105
20230818T06,496755
20230818T05,525009
20230818T04,557940
20230818T03,592278
20230818T02,621629
20230818T01,642815
20230818T00,660009
20230817T23,671408
20230817T22,674131
20230817T21,667835
20230817T20,656303
20230817T19,642906
20230817T18,623032
20230817T17,597338
20230817T16,567105
20230817T15,533724
20230817T14,504905
20230817T13,482904
20230817T12,467813
20230817T11,454774
20230817T10,442573
20230817T09,441876
20230817T08,450709
20230817T07,467565
20230817T06,490857
20230817T05,519325
20230817T04,552879
20230817T03,589308
20230817T02,621549
20230817T01,644401
20230817T00,663152
20230816T23,674693
20230816T22,675037
20230816T21,664868
20230816T20,649817
20230816T19,630827
20230816T18,607972
20230816T17,581112
20230816T16,553299
20230816T15,525027
20230816T14,501500
20230816T13,482633
20230816T12,468254
20230816T11,455650
20230816T10,445322
20230816T09,443916
20230816T08,452476
20230816T07,469863
20230816T06,492468
20230816T05,520527
20230816T04,552763
20230816T03,586914
20230816T02,617108
20230816T01,636139
20230816T00,649773
20230815T23,659218
20230815T22,661713
20230815T21,658391
20230815T20,651219
20230815T19,640737
20230815T18,625246
20230815T17,603953
20230815T16,579060
20230815T15,551765
20230815T14,526379
20230815T13,509224
20230815T12,498057
20230815T11,489263
20230815T10,481546
20230815T09,483961
20230815T08,493886
20230815T07,509652
20230815T06,529356
20230815T05,554219
20230815T04,570478
20230815T03,605490
20230815T02,636600
20230815T01,657414
20230815T00,670769
20230814T23,680613
20230814T22,683240
20230814T21,679111
20230814T20,669879
20230814T19,656510
20230814T18,638480
20230814T17,614727
20230814T16,585780
20230814T15,556013
20230814T14,526482
20230814T13,503728
20230814T12,486662
20230814T11,474153
20230814T10,460088
20230814T09,457162
20230814T08,464981
20230814T07,480521
20230814T06,501571
20230814T05,526739
20230814T04,559649
20230814T03,592211
20230814T02,620957
20230814T01,639683
20230814T00,655053
20230813T23,665225
20230813T22,664819
20230813T21,655165
20230813T20,641406
20230813T19,624105
20230813T18,602248
20230813T17,575055
20230813T16,542551
20230813T15,509180
20230813T14,480309
20230813T13,453522
20230813T12,438370
20230813T11,437260
20230813T10,441716
20230813T09,449096
20230813T08,462155
20230813T07,479270
20230813T06,500790
20230813T05,526739
20230813T04,556903
20230813T03,588998
20230813T02,613183
20230813T01,633281
20230813T00,649802
20230812T23,660601
20230812T22,662442
20230812T21,656833
20230812T20,644408
20230812T19,629496
20230812T18,610559
20230812T17,585746
20230812T16,554782
20230812T15,521416
20230812T14,489713
20230812T13,465617
20230812T12,449147
20230812T11,446386
20230812T10,449319
20230812T09,455921
20230812T08,467720
20230812T07,484577
20230812T06,506579
20230812T05,534075
20230812T04,566633
20230812T03,598994
20230812T02,627858
20230812T01,650103
20230812T00,670105
20230811T23,683608
20230811T22,686222
20230811T21,678630
20230811T20,666538
20230811T19,650920
20230811T18,630143
20230811T17,605472
20230811T16,576491
20230811T15,546694
20230811T14,517992
20230811T13,495644
20230811T12,478773
20230811T11,465799
20230811T10,455910
20230811T09,454889
20230811T08,464049
20230811T07,480285
20230811T06,501834
20230811T05,529260
20230811T04,560668
20230811T03,594343
20230811T02,622378
20230811T01,641004
20230811T00,655602
20230810T23,664453
20230810T22,665866
20230810T21,659092
20230810T20,647415
20230810T19,633306
20230810T18,614969
20230810T17,591906
20230810T16,566950
20230810T15,541583
20230810T14,518342
20230810T13,499411
20230810T12,484647
20230810T11,470579
20230810T10,458708
20230810T09,456981
20230810T08,464618
20230810T07,480065
20230810T06,496473
20230810T05,525903
20230810T04,557713
20230810T03,592339
20230810T02,622436
20230810T01,642813
20230810T00,657096
20230809T23,667113
20230809T22,669534
20230809T21,664292
20230809T20,655043
20230809T19,639454
20230809T18,618147
20230809T17,592837
20230809T16,565981
20230809T15,538438
20230809T14,511986
20230809T13,489622
20230809T12,474296
20230809T11,460110
20230809T10,448736
20230809T09,447644
20230809T08,456163
20230809T07,471512
20230809T06,494208
20230809T05,520659
20230809T04,552514
20230809T03,586328
20230809T02,615200
20230809T01,634813
20230809T00,651371
20230808T23,661952
20230808T22,661577
20230808T21,654893
20230808T20,643295
20230808T19,629725
20230808T18,613246
20230808T17,591350
20230808T16,565960
20230808T15,539096
20230808T14,513983
20230808T13,495132
20230808T12,479847
20230808T11,465028
20230808T10,454046
20230808T09,451963
20230808T08,459426
20230808T07,475582
20230808T06,498175
20230808T05,523804
20230808T04,556371
20230808T03,589470
20230808T02,617636
20230808T01,636256
20230808T00,651649
20230807T23,662286
20230807T22,667928
20230807T21,666465
20230807T20,658745
20230807T19,648382
20230807T18,630611
20230807T17,607521
20230807T16,579959
20230807T15,549806
20230807T14,521523
20230807T13,497755
20230807T12,480988
20230807T11,467600
20230807T10,455986
20230807T09,453534
20230807T08,460433
20230807T07,474881
20230807T06,496833
20230807T05,521305
20230807T04,550454
20230807T03,580848
20230807T02,604414
20230807T01,620066
20230807T00,632913
20230806T23,639793
20230806T22,636341
20230806T21,625866
20230806T20,614039
20230806T19,598919
20230806T18,579789
20230806T17,555974
20230806T16,526570
20230806T15,495529
20230806T14,466976
20230806T13,441554
20230806T12,427287
20230806T11,426194
20230806T10,429297
20230806T09,437685
20230806T08,450564
20230806T07,469347
20230806T06,491480
20230806T05,518541
20230806T04,549649
20230806T03,579289
20230806T02,604973
20230806T01,623088
20230806T00,637365
20230805T23,645457
20230805T22,645407
20230805T21,637980
20230805T20,625451
20230805T19,610235
20230805T18,591385
20230805T17,569045
20230805T16,539650
20230805T15,508177
20230805T14,479260
20230805T13,455929
20230805T12,441012
20230805T11,438501
20230805T10,439703
20230805T09,446608
20230805T08,459499
20230805T07,477160
20230805T06,501418
20230805T05,528431
20230805T04,559551
20230805T03,591962
20230805T02,618029
20230805T01,636143
20230805T00,651610
20230804T23,663098
20230804T22,666070
20230804T21,659705
20230804T20,648470
20230804T19,635294
20230804T18,618268
20230804T17,596649
20230804T16,570583
20230804T15,542673
20230804T14,515182
20230804T13,492653
20230804T12,477057
20230804T11,465865
20230804T10,456780
20230804T09,456678
20230804T08,465656
20230804T07,482183
20230804T06,503700
20230804T05,529764
20230804T04,561353
20230804T03,594570
20230804T02,621033
20230804T01,637995
20230804T00,649308
20230803T23,658205
20230803T22,660753
20230803T21,656978
20230803T20,649551
20230803T19,637616
20230803T18,618306
20230803T17,594372
20230803T16,567352
20230803T15,537817
20230803T14,511423
20230803T13,489093
20230803T12,472949
20230803T11,462204
20230803T10,452926
20230803T09,451721
20230803T08,459561
20230803T07,476578
20230803T06,499506
20230803T05,525967
20230803T04,559413
20230803T03,593948
20230803T02,622099
20230803T01,641511
20230803T00,657307
20230802T23,667714
20230802T22,668864
20230802T21,662373
20230802T20,651273
20230802T19,635577
20230802T18,614187
20230802T17,588520
20230802T16,559832
20230802T15,529691
20230802T14,502172
20230802T13,480715
20230802T12,465287
20230802T11,454220
20230802T10,445405
20230802T09,444575
20230802T08,454512
20230802T07,471787
20230802T06,495730
20230802T05,523638
20230802T04,556618
20230802T03,592949
20230802T02,623048
20230802T01,642640
20230802T00,658465
20230801T23,669475
20230801T22,671955
20230801T21,665247
20230801T20,652348
20230801T19,636698
20230801T18,615329
20230801T17,588979
20230801T16,560312
20230801T15,530096
20230801T14,502696
20230801T13,482594
20230801T12,466162
20230801T11,455552
20230801T10,445715
20230801T09,445810
20230801T08,455012
20230801T07,471731
20230801T06,494833
20230801T05,523490
20230801T04,557632
20230801T03,593149
20230801T02,622866
20230801T01,645390
20230801T00,664688
20230731T23,677300
20230731T22,679594
20230731T21,673769
20230731T20,662787
20230731T19,647364
20230731T18,626014
20230731T17,598749
20230731T16,567901
20230731T15,536173
20230731T14,506377
20230731T13,481829
20230731T12,464479
20230731T11,451413
20230731T10,440591
20230731T09,438740
20230731T08,446402
20230731T07,463516
20230731T06,486458
20230731T05,513836
20230731T04,547266
20230731T03,580534
20230731T02,607699
20230731T01,627510
20230731T00,643858
20230730T23,651951
20230730T22,648488
20230730T21,636249
20230730T20,621634
20230730T19,604253
20230730T18,583295
20230730T17,557373
20230730T16,526660
20230730T15,494578
20230730T14,464957
20230730T13,440552
20230730T12,426767
20230730T11,426454
20230730T10,432374
20230730T09,441920
20230730T08,455786
20230730T07,474908
20230730T06,497988
20230730T05,526136
20230730T04,559754
20230730T03,593241
20230730T02,621648
20230730T01,642864
20230730T00,662490
20230729T23,675413
20230729T22,678644
20230729T21,675080
20230729T20,663379
20230729T19,647531
20230729T18,628948
20230729T17,604416
20230729T16,573274
20230729T15,537866
20230729T14,504757
20230729T13,479455
20230729T12,463986
20230729T11,462148
20230729T10,465549
20230729T09,474139
20230729T08,489212
20230729T07,510011
20230729T06,536022
20230729T05,567158
20230729T04,602622
20230729T03,637341
20230729T02,667749
20230729T01,690255
20230729T00,709905
20230728T23,724999
20230728T22,731650
20230728T21,726780
20230728T20,716924
20230728T19,702723
20230728T18,681952
20230728T17,656555
20230728T16,625291
20230728T15,588993
20230728T14,553834
20230728T13,525462
20230728T12,506061
20230728T11,494277
20230728T10,487630
20230728T09,489503
20230728T08,501623
20230728T07,522225
20230728T06,550042
20230728T05,581879
20230728T04,617804
20230728T03,655124
20230728T02,687159
20230728T01,709727
20230728T00,728261
20230727T23,739014
20230727T22,741815
20230727T21,735006
20230727T20,724464
20230727T19,708469
20230727T18,687161
20230727T17,659941
20230727T16,627090
20230727T15,590845
20230727T14,554144
20230727T13,525066
20230727T12,505246
20230727T11,491469
20230727T10,481968
20230727T09,481849
20230727T08,492900
20230727T07,512475
20230727T06,539631
20230727T05,571891
20230727T04,607489
20230727T03,643197
20230727T02,675357
20230727T01,697514
20230727T00,714910
20230726T23,725921
20230726T22,726309
20230726T21,718574
20230726T20,707191
20230726T19,690248
20230726T18,667536
20230726T17,637773
20230726T16,603244
20230726T15,568638
20230726T14,535668
20230726T13,509296
20230726T12,490077
20230726T11,475608
20230726T10,464257
20230726T09,467209
20230726T08,478693
20230726T07,498817
20230726T06,524741
20230726T05,557224
20230726T04,594925
20230726T03,632283
20230726T02,663661
20230726T01,684561
20230726T00,703618
20230725T23,714798
20230725T22,716435
20230725T21,710220
20230725T20,700640
20230725T19,685855
20230725T18,663200
20230725T17,633938
20230725T16,599141
20230725T15,563612
20230725T14,528205
20230725T13,499379
20230725T12,479420
20230725T11,464966
20230725T10,454770
20230725T09,455394
20230725T08,465832
20230725T07,484712
20230725T06,510430
20230725T05,541298
20230725T04,576475
20230725T03,613168
20230725T02,645142
20230725T01,668633
20230725T00,689054
20230724T23,702791
20230724T22,706000
20230724T21,697957
20230724T20,683583
20230724T19,665045
20230724T18,641674
20230724T17,611743
20230724T16,577884
20230724T15,543088
20230724T14,510327
20230724T13,484461
20230724T12,464842
20230724T11,450330
20230724T10,439871
20230724T09,437736
20230724T08,446343
20230724T07,462843
20230724T06,484732
20230724T05,511640
20230724T04,544138
20230724T03,576961
20230724T02,603633
20230724T01,623079
20230724T00,640057
20230723T23,649694
20230723T22,649264
20230723T21,634675
20230723T20,618625
20230723T19,599816
20230723T18,575984
20230723T17,549183
20230723T16,516435
20230723T15,482488
20230723T14,451673
20230723T13,426660
20230723T12,409963
20230723T11,407910
20230723T10,412930
20230723T09,420874
20230723T08,433116
20230723T07,450845
20230723T06,474371
20230723T05,501494
20230723T04,533836
20230723T03,564206
20230723T02,590083
20230723T01,610331
20230723T00,628066
20230722T23,637407
20230722T22,637373
20230722T21,626479
20230722T20,613846
20230722T19,597819
20230722T18,577210
20230722T17,554145
20230722T16,526422
20230722T15,496214
20230722T14,469236
20230722T13,446855
20230722T12,432445
20230722T11,429489
20230722T10,432723
20230722T09,440494
20230722T08,453751
20230722T07,472939
20230722T06,497381
20230722T05,525826
20230722T04,558967
20230722T03,592418
20230722T02,620635
20230722T01,642326
20230722T00,661582
20230721T23,674406
20230721T22,677965
20230721T21,671479
20230721T20,659548
20230721T19,645731
20230721T18,626823
20230721T17,603354
20230721T16,576953
20230721T15,546895
20230721T14,518742
20230721T13,495187
20230721T12,476973
20230721T11,465518
20230721T10,458672
20230721T09,460357
20230721T08,473199
20230721T07,493083
20230721T06,518538
20230721T05,548874
20230721T04,584646
20230721T03,621958
20230721T02,650834
20230721T01,672631
20230721T00,689982
20230720T23,701791
20230720T22,706345
20230720T21,701774
20230720T20,690782
20230720T19,675507
20230720T18,654159
20230720T17,627035
20230720T16,597159
20230720T15,562881
20230720T14,531528
20230720T13,506271
20230720T12,487790
20230720T11,474231
20230720T10,464008
20230720T09,465156
20230720T08,475440
20230720T07,493625
20230720T06,519327
20230720T05,549786
20230720T04,585636
20230720T03,620559
20230720T02,649366
20230720T01,668060
20230720T00,683800
20230719T23,691878
20230719T22,691990
20230719T21,684476
20230719T20,671746
20230719T19,654505
20230719T18,632661
20230719T17,606983
20230719T16,577769
20230719T15,547690
20230719T14,520204
20230719T13,497910
20230719T12,481732
20230719T11,469245
20230719T10,460223
20230719T09,460510
20230719T08,470937
20230719T07,489174
20230719T06,514244
20230719T05,552641
20230719T04,585375
20230719T03,618308
20230719T02,646539
20230719T01,666318
20230719T00,680716
20230718T23,691627
20230718T22,694260
20230718T21,686700
20230718T20,676548
20230718T19,661668
20230718T18,640042
20230718T17,615008
20230718T16,584407
20230718T15,551632
20230718T14,520180
20230718T13,494429
20230718T12,476851
20230718T11,462780
20230718T10,454542
20230718T09,454420
20230718T08,464878
20230718T07,484148
20230718T06,507687
20230718T05,538486
20230718T04,574512
20230718T03,610263
20230718T02,640713
20230718T01,662934
20230718T00,680901
20230717T23,691019
20230717T22,692828
20230717T21,687181
20230717T20,676361
20230717T19,660982
20230717T18,639190
20230717T17,612132
20230717T16,581871
20230717T15,548035
20230717T14,517167
20230717T13,491095
20230717T12,470595
20230717T11,456296
20230717T10,446379
20230717T09,444271
20230717T08,452689
20230717T07,468702
20230717T06,491538
20230717T05,519909
20230717T04,552109
20230717T03,582696
20230717T02,607488
20230717T01,623433
20230717T00,636404
20230716T23,641903
20230716T22,640097
20230716T21,630094
20230716T20,615771
20230716T19,601221
20230716T18,582261
20230716T17,560447
20230716T16,532986
20230716T15,503741
20230716T14,476231
20230716T13,453142
20230716T12,438799
20230716T11,437368
20230716T10,442711
20230716T09,451238
20230716T08,465078
20230716T07,483608
20230716T06,506574
20230716T05,533684
20230716T04,563923
20230716T03,594589
20230716T02,618906
20230716T01,636127
20230716T00,650631
20230715T23,659170
20230715T22,660292
20230715T21,652925
20230715T20,641223
20230715T19,625883
20230715T18,607395
20230715T17,583603
20230715T16,554024
20230715T15,521897
20230715T14,493651
20230715T13,467656
20230715T12,449793
20230715T11,444526
20230715T10,446928
20230715T09,454640
20230715T08,469041
20230715T07,488799
20230715T06,513148
20230715T05,542513
20230715T04,576206
20230715T03,610064
20230715T02,637966
20230715T01,658401
20230715T00,676026
20230714T23,688737
20230714T22,694908
20230714T21,690826
20230714T20,680760
20230714T19,665702
20230714T18,645566
20230714T17,620055
20230714T16,592735
20230714T15,563501
20230714T14,533607
20230714T13,508033
20230714T12,489073
20230714T11,476901
20230714T10,469064
20230714T09,470530
20230714T08,482236
20230714T07,501867
20230714T06,528415
20230714T05,558344
20230714T04,593828
20230714T03,630259
20230714T02,658284
20230714T01,677590
20230714T00,693801
20230713T23,703293
20230713T22,704131
20230713T21,696238
20230713T20,685131
20230713T19,669418
20230713T18,649227
20230713T17,625060
20230713T16,596140
20230713T15,564082
20230713T14,534042
20230713T13,508107
20230713T12,488941
20230713T11,474465
20230713T10,465317
20230713T09,465451
20230713T08,476476
20230713T07,495006
20230713T06,519162
20230713T05,548189
20230713T04,582237
20230713T03,620046
20230713T02,647235
20230713T01,667696
20230713T00,683344
20230712T23,690876
20230712T22,691672
20230712T21,683939
20230712T20,673786
20230712T19,659717
20230712T18,638218
20230712T17,612760
20230712T16,583327
20230712T15,549864
20230712T14,518102
20230712T13,493105
20230712T12,472947
20230712T11,458479
20230712T10,449509
20230712T09,449970
20230712T08,460226
20230712T07,478397
20230712T06,503757
20230712T05,534515
20230712T04,570446
20230712T03,606774
20230712T02,634051
20230712T01,655301
20230712T00,673516
20230711T23,682144
20230711T22,680854
20230711T21,670433
20230711T20,654607
20230711T19,636355
20230711T18,613994
20230711T17,588979
20230711T16,561541
20230711T15,531365
20230711T14,503060
20230711T13,479011
20230711T12,459419
20230711T11,444315
20230711T10,435308
20230711T09,434925
20230711T08,444035
20230711T07,461196
20230711T06,484653
20230711T05,513044
20230711T04,546958
20230711T03,582334
20230711T02,610064
20230711T01,632255
20230711T00,649321
20230710T23,658013
20230710T22,656801
20230710T21,646907
20230710T20,634068
20230710T19,618982
20230710T18,599534
20230710T17,576870
20230710T16,550348
20230710T15,523001
20230710T14,497097
20230710T13,473375
20230710T12,452756
20230710T11,435723
20230710T10,425976
20230710T09,422673
20230710T08,429669
20230710T07,444151
20230710T06,463957
20230710T05,487316
20230710T04,517743
20230710T03,547001
20230710T02,567170
20230710T01,581592
20230710T00,591660
20230709T23,595783
20230709T22,592201
20230709T21,583030
20230709T20,571607
20230709T19,559483
20230709T18,543468
20230709T17,524335
20230709T16,500103
20230709T15,474705
20230709T14,448748
20230709T13,426030
20230709T12,411547
20230709T11,408742
20230709T10,412281
20230709T09,418846
20230709T08,430035
20230709T07,445076
20230709T06,465054
20230709T05,489084
20230709T04,515952
20230709T03,542717
20230709T02,564105
20230709T01,579011
20230709T00,591537
20230708T23,598910
20230708T22,599762
20230708T21,595014
20230708T20,586788
20230708T19,577552
20230708T18,566047
20230708T17,548645
20230708T16,524025
20230708T15,495549
20230708T14,468062
20230708T13,443580
20230708T12,426878
20230708T11,420706
20230708T10,422754
20230708T09,428085
20230708T08,438816
20230708T07,456017
20230708T06,477280
20230708T05,503586
20230708T04,534806
20230708T03,563245
20230708T02,588305
20230708T01,605136
20230708T00,621540
20230707T23,634631
20230707T22,641662
20230707T21,641085
20230707T20,635788
20230707T19,625267
20230707T18,610123
20230707T17,589510
20230707T16,564664
20230707T15,535883
20230707T14,507225
20230707T13,481148
20230707T12,461235
20230707T11,446088
20230707T10,437891
20230707T09,438685
20230707T08,447669
20230707T07,464986
20230707T06,488282
20230707T05,516063
20230707T04,548922
20230707T03,582606
20230707T02,609618
20230707T01,628325
20230707T00,645234
20230706T23,656405
20230706T22,659877
20230706T21,656957
20230706T20,649489
20230706T19,640131
20230706T18,624454
20230706T17,603553
20230706T16,577205
20230706T15,546656
20230706T14,516489
20230706T13,489739
20230706T12,468646
20230706T11,452392
20230706T10,445698
20230706T09,444382
20230706T08,454384
20230706T07,472304
20230706T06,496050
20230706T05,523939
20230706T04,558417
20230706T03,592782
20230706T02,621448
20230706T01,641538
20230706T00,659770
20230705T23,670650
20230705T22,672696
20230705T21,669163
20230705T20,662584
20230705T19,652905
20230705T18,636139
20230705T17,612512
20230705T16,583675
20230705T15,550148
20230705T14,514812
20230705T13,486874
20230705T12,460182
20230705T11,442735
20230705T10,433102
20230705T09,431855
20230705T08,441628
20230705T07,458054
20230705T06,480440
20230705T05,508056
20230705T04,538626
20230705T03,563386
20230705T02,584449
20230705T01,605903
20230705T00,622879
20230704T23,633228
20230704T22,634513
20230704T21,629065
20230704T20,619243
20230704T19,607892
20230704T18,591813
20230704T17,568789
20230704T16,536462
20230704T15,501342
20230704T14,466649
20230704T13,438048
20230704T12,421126
20230704T11,416863
20230704T10,420565
20230704T09,426282
20230704T08,438871
20230704T07,456715
20230704T06,480646
20230704T05,510010
20230704T04,543205
20230704T03,574737
20230704T02,602314
20230704T01,624511
20230704T00,644535
20230703T23,657790
20230703T22,660651
20230703T21,655217
20230703T20,645530
20230703T19,631076
20230703T18,610688
20230703T17,584841
20230703T16,553321
20230703T15,519088
20230703T14,487196
20230703T13,459083
20230703T12,439908
20230703T11,428965
20230703T10,425149
20230703T09,425907
20230703T08,434907
20230703T07,451544
20230703T06,473906
20230703T05,499871
20230703T04,531725
20230703T03,562333
20230703T02,585413
20230703T01,601471
20230703T00,615418
20230702T23,622755
20230702T22,622460
20230702T21,613635
20230702T20,602308
20230702T19,588044
20230702T18,568218
20230702T17,542042
20230702T16,512289
20230702T15,481279
20230702T14,451182
20230702T13,426096
20230702T12,409269
20230702T11,408354
20230702T10,413475
20230702T09,419747
20230702T08,432077
20230702T07,449042
20230702T06,471821
20230702T05,497735
20230702T04,526596
20230702T03,553130
20230702T02,574763
20230702T01,589838
20230702T00,604305
20230701T23,614677
20230701T22,618146
20230701T21,612777
20230701T20,602626
20230701T19,589893
20230701T18,574222
20230701T17,552083
20230701T16,523626
20230701T15,492790
20230701T14,464166
20230701T13,439598
20230701T12,423994
20230701T11,419934
20230701T10,425383
20230701T09,432243
20230701T08,446576
20230701T07,466546
20230701T06,491358
20230701T05,519827
20230701T04,553220
20230701T03,586100
20230701T02,613040
20230701T01,632263
20230701T00,649167
20230630T23,659120
20230630T22,662413
20230630T21,657005
20230630T20,646609
20230630T19,633918
20230630T18,616806
20230630T17,593910
20230630T16,565561
20230630T15,534012
20230630T14,503371
20230630T13,474852
20230630T12,456637
20230630T11,443701
20230630T10,436764
20230630T09,436955
20230630T08,448837
20230630T07,465404
20230630T06,489149
20230630T05,518069
20230630T04,552088
20230630T03,586085
20230630T02,611953
20230630T01,629147
20230630T00,643919
20230629T23,653000
20230629T22,655808
20230629T21,651066
20230629T20,641829
20230629T19,629352
20230629T18,610999
20230629T17,586630
20230629T16,559695
20230629T15,530095
20230629T14,500592
20230629T13,475464
20230629T12,456482
20230629T11,441361
20230629T10,432648
20230629T09,433855
20230629T08,440436
20230629T07,457960
20230629T06,481590
20230629T05,511485
20230629T04,544343
20230629T03,577453
20230629T02,605081
20230629T01,624977
20230629T00,640020
20230628T23,649407
20230628T22,649797
20230628T21,641326
20230628T20,628988
20230628T19,614352
20230628T18,593782
20230628T17,570203
20230628T16,544522
20230628T15,517587
20230628T14,492101
20230628T13,469221
20230628T12,449194
20230628T11,433121
20230628T10,426598
20230628T09,423759
20230628T08,432303
20230628T07,448519
20230628T06,469960
20230628T05,497119
20230628T04,528700
20230628T03,562171
20230628T02,587737
20230628T01,605717
20230628T00,618983
20230627T23,626687
20230627T22,627508
20230627T21,621352
20230627T20,613509
20230627T19,600450
20230627T18,583570
20230627T17,562651
20230627T16,539630
20230627T15,514779
20230627T14,491042
20230627T13,470282
20230627T12,449776
20230627T11,434167
20230627T10,425200
20230627T09,424635
20230627T08,434068
20230627T07,448431
20230627T06,472000
20230627T05,499904
20230627T04,531664
20230627T03,564980
20230627T02,592911
20230627T01,612745
20230627T00,627264
20230626T23,636027
20230626T22,636635
20230626T21,629576
20230626T20,619814
20230626T19,606416
20230626T18,590760
20230626T17,570632
20230626T16,545655
20230626T15,518012
20230626T14,491511
20230626T13,467973
20230626T12,446706
20230626T11,430314
20230626T10,419146
20230626T09,416497
20230626T08,424332
20230626T07,437420
20230626T06,458172
20230626T05,483289
20230626T04,512935
20230626T03,542594
20230626T02,565347
20230626T01,582238
20230626T00,596248
20230625T23,604628
20230625T22,605312
20230625T21,598437
20230625T20,587364
20230625T19,574516
20230625T18,558534
20230625T17,536935
20230625T16,508313
20230625T15,478726
20230625T14,449405
20230625T13,421245
20230625T12,401722
20230625T11,396360
20230625T10,399133
20230625T09,406267
20230625T08,418996
20230625T07,433756
20230625T06,455432
20230625T05,480643
20230625T04,508719
20230625T03,535716
20230625T02,557496
20230625T01,573724
20230625T00,588248
20230624T23,595469
20230624T22,593963
20230624T21,585168
20230624T20,573536
20230624T19,561094
20230624T18,546027
20230624T17,526694
20230624T16,501090
20230624T15,473082
20230624T14,444442
20230624T13,419424
20230624T12,401785
20230624T11,396207
20230624T10,396532
20230624T09,400882
20230624T08,409582
20230624T07,425984
20230624T06,443595
20230624T05,467434
20230624T04,494617
20230624T03,521208
20230624T02,542702
20230624T01,558130
20230624T00,572058
20230623T23,582829
20230623T22,586887
20230623T21,582039
20230623T20,574716
20230623T19,565017
20230623T18,550105
20230623T17,532390
20230623T16,511028
20230623T15,489377
20230623T14,467182
20230623T13,447476
20230623T12,429688
20230623T11,415543
20230623T10,405339
20230623T09,403295
20230623T08,410011
20230623T07,423774
20230623T06,441899
20230623T05,466681
20230623T04,493559
20230623T03,520259
20230623T02,541007
20230623T01,552841
20230623T00,563023
20230622T23,567917
20230622T22,568876
20230622T21,563465
20230622T20,555648
20230622T19,547179
20230622T18,534472
20230622T17,518861
20230622T16,500938
20230622T15,481419
20230622T14,460279
20230622T13,442145
20230622T12,424752
20230622T11,409724
20230622T10,399606
20230622T09,397457
20230622T08,404882
20230622T07,417397
20230622T06,436659
20230622T05,461296
20230622T04,488997
20230622T03,517220
20230622T02,541118
20230622T01,555883
20230622T00,567256
20230621T23,575302
20230621T22,578197
20230621T21,575756
20230621T20,568416
20230621T19,561117
20230621T18,548828
20230621T17,531890
20230621T16,513296
20230621T15,491783
20230621T14,471178
20230621T13,452718
20230621T12,436477
20230621T11,421705
20230621T10,411062
20230621T09,410641
20230621T08,418341
20230621T07,433720
20230621T06,452784
20230621T05,478124
20230621T04,507194
20230621T03,535832
20230621T02,556882
20230621T01,572546
20230621T00,584258
20230620T23,593742
20230620T22,596727
20230620T21,593210
20230620T20,586943
20230620T19,578177
20230620T18,563547
20230620T17,545479
20230620T16,524581
20230620T15,502225
20230620T14,479942
20230620T13,459271
20230620T12,441097
20230620T11,426556
20230620T10,414833
20230620T09,412729
20230620T08,419318
20230620T07,434869
20230620T06,453496
20230620T05,479009
20230620T04,508741
20230620T03,539268
20230620T02,562563
20230620T01,578669
20230620T00,591081
20230619T23,600403
20230619T22,602784
20230619T21,597078
20230619T20,589905
20230619T19,580189
20230619T18,564267
20230619T17,543027
20230619T16,518060
20230619T15,491266
20230619T14,464215
20230619T13,439703
20230619T12,419882
20230619T11,405758
20230619T10,396070
20230619T09,394340
20230619T08,397899
20230619T07,410620
20230619T06,429128
20230619T05,451017
20230619T04,478098
20230619T03,503765
20230619T02,521056
20230619T01,532216
20230619T00,543375
20230618T23,548309
20230618T22,546130
20230618T21,536591
20230618T20,523261
20230618T19,508185
20230618T18,490386
20230618T17,470121
20230618T16,447876
20230618T15,425134
20230618T14,402832
20230618T13,383923
20230618T12,372278
20230618T11,369926
20230618T10,373449
20230618T09,379408
20230618T08,390534
20230618T07,402520
20230618T06,422534
20230618T05,445941
20230618T04,472456
20230618T03,497499
20230618T02,517241
20230618T01,531243
20230618T00,544248
20230617T23,551966
20230617T22,551406
20230617T21,543468
20230617T20,530323
20230617T19,515779
20230617T18,499636
20230617T17,482803
20230617T16,464086
20230617T15,442897
20230617T14,420599
20230617T13,399748
20230617T12,385337
20230617T11,379855
20230617T10,380610
20230617T09,385561
20230617T08,396720
20230617T07,409701
20230617T06,429396
20230617T05,452644
20230617T04,479842
20230617T03,505939
20230617T02,524777
20230617T01,537510
20230617T00,551078
20230616T23,561379
20230616T22,564839
20230616T21,561996
20230616T20,558785
20230616T19,550305
20230616T18,537292
20230616T17,519014
20230616T16,498304
20230616T15,477538
20230616T14,456509
20230616T13,437555
20230616T12,420749
20230616T11,407279
20230616T10,397980
20230616T09,396428
20230616T08,404975
20230616T07,418140
20230616T06,438966
20230616T05,462812
20230616T04,491585
20230616T03,520184
20230616T02,541840
20230616T01,556107
20230616T00,568434
20230615T23,578264
20230615T22,582124
20230615T21,577166
20230615T20,567443
20230615T19,555846
20230615T18,540757
20230615T17,522148
20230615T16,501420
20230615T15,480228
20230615T14,458570
20230615T13,440104
20230615T12,422697
20230615T11,407792
20230615T10,396769
20230615T09,393879
20230615T08,399380
20230615T07,412452
20230615T06,433196
20230615T05,455146
20230615T04,481989
20230615T03,508041
20230615T02,528095
20230615T01,541161
20230615T00,553010
20230614T23,559995
20230614T22,561759
20230614T21,555983
20230614T20,547412
20230614T19,537627
20230614T18,525339
20230614T17,509643
20230614T16,492329
20230614T15,473966
20230614T14,455563
20230614T13,437555
20230614T12,419973
20230614T11,403281
20230614T10,391647
20230614T09,388270
20230614T08,393146
20230614T07,405286
20230614T06,421887
20230614T05,443576
20230614T04,469497
20230614T03,496655
20230614T02,516347
20230614T01,528015
20230614T00,538130
20230613T23,545591
20230613T22,547543
20230613T21,541497
20230613T20,532516
20230613T19,522744
20230613T18,510031
20230613T17,495732
20230613T16,480784
20230613T15,463887
20230613T14,447174
20230613T13,431075
20230613T12,414866
20230613T11,398129
20230613T10,386609
20230613T09,382704
20230613T08,387767
20230613T07,399694
20230613T06,418707
20230613T05,439575
20230613T04,466024
20230613T03,492541
20230613T02,516061
20230613T01,526162
20230613T00,536999
20230612T23,545427
20230612T22,547052
20230612T21,542873
20230612T20,535921
20230612T19,527341
20230612T18,514843
20230612T17,501976
20230612T16,488144
20230612T15,471475
20230612T14,453275
20230612T13,434467
20230612T12,415556
20230612T11,398695
20230612T10,386950
20230612T09,381715
20230612T08,385689
20230612T07,396578
20230612T06,413193
20230612T05,431344
20230612T04,455901
20230612T03,480628
20230612T02,499967
20230612T01,512006
20230612T00,521538
20230611T23,526727
20230611T22,524478
20230611T21,516728
20230611T20,507134
20230611T19,495147
20230611T18,480202
20230611T17,463743
20230611T16,442968
20230611T15,420550
20230611T14,397982
20230611T13,378193
20230611T12,364197
20230611T11,360772
20230611T10,362772
20230611T09,367172
20230611T08,375454
20230611T07,386492
20230611T06,403053
20230611T05,424120
20230611T04,448753
20230611T03,473452
20230611T02,493557
20230611T01,507547
20230611T00,522868
20230610T23,532361
20230610T22,533855
20230610T21,527201
20230610T20,515256
20230610T19,501937
20230610T18,487307
20230610T17,468805
20230610T16,447949
20230610T15,426297
20230610T14,404500
20230610T13,386076
20230610T12,373095
20230610T11,366394
20230610T10,367259
20230610T09,371091
20230610T08,379185
20230610T07,393585
20230610T06,410133
20230610T05,431980
20230610T04,457312
20230610T03,482577
20230610T02,502691
20230610T01,518684
20230610T00,534146
20230609T23,545368
20230609T22,548785
20230609T21,544084
20230609T20,535581
20230609T19,524860
20230609T18,510380
20230609T17,491857
20230609T16,473190
20230609T15,453385
20230609T14,433347
20230609T13,415924
20230609T12,400191
20230609T11,385642
20230609T10,376490
20230609T09,374048
20230609T08,379410
20230609T07,390983
20230609T06,409121
20230609T05,432708
20230609T04,456156
20230609T03,482158
20230609T02,502895
20230609T01,516133
20230609T00,527785
20230608T23,538457
20230608T22,543049
20230608T21,539353
20230608T20,531070
20230608T19,519298
20230608T18,506704
20230608T17,491070
20230608T16,473006
20230608T15,454678
20230608T14,437156
20230608T13,421240
20230608T12,405383
20230608T11,389472
20230608T10,378026
20230608T09,374086
20230608T08,379459
20230608T07,391720
20230608T06,410709
20230608T05,433729
20230608T04,458814
20230608T03,485808
20230608T02,506966
20230608T01,521999
20230608T00,533974
20230607T23,545139
20230607T22,549454
20230607T21,545805
20230607T20,537797
20230607T19,527773
20230607T18,513966
20230607T17,496818
20230607T16,478336
20230607T15,458387
20230607T14,438452
20230607T13,421682
20230607T12,405984
20230607T11,390072
20230607T10,378738
20230607T09,376448
20230607T08,381758
20230607T07,394503
20230607T06,412524
20230607T05,435853
20230607T04,462588
20230607T03,492780
20230607T02,516410
20230607T01,531315
20230607T00,544505
20230606T23,556237
20230606T22,561158
20230606T21,558359
20230606T20,550206
20230606T19,536719
20230606T18,517958
20230606T17,496837
20230606T16,476918
20230606T15,456324
20230606T14,438275
20230606T13,420762
20230606T12,404426
20230606T11,388237
20230606T10,375635
20230606T09,371758
20230606T08,377329
20230606T07,389389
20230606T06,409159
20230606T05,430401
20230606T04,458832
20230606T03,490228
20230606T02,514544
20230606T01,529338
20230606T00,542522
20230605T23,551298
20230605T22,553386
20230605T21,548486
20230605T20,539643
20230605T19,528267
20230605T18,512049
20230605T17,492387
20230605T16,472528
20230605T15,452431
20230605T14,433466
20230605T13,416517
20230605T12,400143
20230605T11,383841
20230605T10,370334
20230605T09,365024
20230605T08,371891
20230605T07,381618
20230605T06,399403
20230605T05,420946
20230605T04,447757
20230605T03,473838
20230605T02,493123
20230605T01,503853
20230605T00,513171
20230604T23,518159
20230604T22,515909
20230604T21,507354
20230604T20,495117
20230604T19,481435
20230604T18,466195
20230604T17,449768
20230604T16,430675
20230604T15,411349
20230604T14,390898
20230604T13,372194
20230604T12,358467
20230604T11,354894
20230604T10,357409
20230604T09,363482
20230604T08,373462
20230604T07,389688
20230604T06,407599
20230604T05,431750
20230604T04,458554
20230604T03,484155
20230604T02,504422
20230604T01,520107
20230604T00,536002
20230603T23,546597
20230603T22,550168
20230603T21,546603
20230603T20,537981
20230603T19,527387
20230603T18,513051
20230603T17,495066
20230603T16,472729
20230603T15,446308
20230603T14,420949
20230603T13,397482
20230603T12,379632
20230603T11,372154
20230603T10,372805
20230603T09,377920
20230603T08,388116
20230603T07,404189
20230603T06,426011
20230603T05,452966
20230603T04,482403
20230603T03,510867
20230603T02,536485
20230603T01,555728
20230603T00,574936
20230602T23,589100
20230602T22,596124
20230602T21,595014
20230602T20,587003
20230602T19,575122
20230602T18,558782
20230602T17,538180
20230602T16,514237
20230602T15,487281
20230602T14,461174
20230602T13,436971
20230602T12,415533
20230602T11,399697
20230602T10,388000
20230602T09,385694
20230602T08,391839
20230602T07,405763
20230602T06,427236
20230602T05,451978
20230602T04,478887
20230602T03,513063
20230602T02,536997
20230602T01,552457
20230602T00,567134
20230601T23,576670
20230601T22,579352
20230601T21,576191
20230601T20,566062
20230601T19,553460
20230601T18,537507
20230601T17,517916
20230601T16,496112
20230601T15,474156
20230601T14,451900
20230601T13,430190
20230601T12,410939
20230601T11,394489
20230601T10,383548
20230601T09,380295
20230601T08,385803
20230601T07,399127
20230601T06,419010
20230601T05,443898
20230601T04,467233
20230601T03,500491
20230601T02,523233
20230601T01,536664
20230601T00,549801
20230531T23,559293
20230531T22,561512
20230531T21,556137
20230531T20,546554
20230531T19,534612
20230531T18,519649
20230531T17,501325
20230531T16,483385
20230531T15,463434
20230531T14,443026
20230531T13,424534
20230531T12,407705
20230531T11,392129
20230531T10,379134
20230531T09,375715
20230531T08,381131
20230531T07,393777
20230531T06,414674
20230531T05,437087
20230531T04,464584
20230531T03,494105
20230531T02,517381
20230531T01,532335
20230531T00,544453
20230530T23,552416
20230530T22,553776
20230530T21,548401
20230530T20,538682
20230530T19,525935
20230530T18,509546
20230530T17,490399
20230530T16,470619
20230530T15,451014
20230530T14,430305
20230530T13,411249
20230530T12,393006
20230530T11,375310
20230530T10,360438
20230530T09,355599
20230530T08,358245
20230530T07,369686
20230530T06,386893
20230530T05,409005
20230530T04,435397
20230530T03,460244
20230530T02,479225
20230530T01,488731
20230530T00,496324
20230529T23,500204
20230529T22,496853
20230529T21,486712
20230529T20,474620
20230529T19,461590
20230529T18,448168
20230529T17,432395
20230529T16,413110
20230529T15,392433
20230529T14,372621
20230529T13,354596
20230529T12,343272
20230529T11,340457
20230529T10,339484
20230529T09,341057
20230529T08,347168
20230529T07,357961
20230529T06,372128
20230529T05,390592
20230529T04,412015
20230529T03,431674
20230529T02,445446
20230529T01,452204
20230529T00,459096
20230528T23,463401
20230528T22,460723
20230528T21,452863
20230528T20,442840
20230528T19,431878
20230528T18,420222
20230528T17,406400
20230528T16,391750
20230528T15,378049
20230528T14,363700
20230528T13,348407
20230528T12,337718
20230528T11,335594
20230528T10,336001
20230528T09,338999
20230528T08,345611
20230528T07,356156
20230528T06,370772
20230528T05,387473
20230528T04,407572
20230528T03,425910
20230528T02,439551
20230528T01,446646
20230528T00,452933
20230527T23,458162
20230527T22,455290
20230527T21,446803
20230527T20,437252
20230527T19,427677
20230527T18,418865
20230527T17,408622
20230527T16,397744
20230527T15,385175
20230527T14,370718
20230527T13,357712
20230527T12,347697
20230527T11,343335
20230527T10,342697
20230527T09,344800
20230527T08,351268
20230527T07,361935
20230527T06,377618
20230527T05,396826
20230527T04,418034
20230527T03,439689
20230527T02,456738
20230527T01,465980
20230527T00,476213
20230526T23,483476
20230526T22,484275
20230526T21,479270
20230526T20,473581
20230526T19,465482
20230526T18,456087
20230526T17,446709
20230526T16,436873
20230526T15,424435
20230526T14,411230
20230526T13,398691
20230526T12,386705
20230526T11,373124
20230526T10,362800
20230526T09,359058
20230526T08,362588
20230526T07,372759
20230526T06,389166
20230526T05,408836
20230526T04,431839
20230526T03,456113
20230526T02,475105
20230526T01,483425
20230526T00,490297
20230525T23,495643
20230525T22,495428
20230525T21,489908
20230525T20,482452
20230525T19,473689
20230525T18,463502
20230525T17,452016
20230525T16,440571
20230525T15,428157
20230525T14,416422
20230525T13,405964
20230525T12,394357
20230525T11,378850
20230525T10,364255
20230525T09,361374
20230525T08,365042
20230525T07,376272
20230525T06,391415
20230525T05,411952
20230525T04,436713
20230525T03,463191
20230525T02,484907
20230525T01,495756
20230525T00,505591
20230524T23,514488
20230524T22,515626
20230524T21,509520
20230524T20,500644
20230524T19,489908
20230524T18,477954
20230524T17,464917
20230524T16,451414
20230524T15,437622
20230524T14,425161
20230524T13,413364
20230524T12,399669
20230524T11,384393
20230524T10,369368
20230524T09,365152
20230524T08,369013
20230524T07,381233
20230524T06,396708
20230524T05,418568
20230524T04,445109
20230524T03,472714
20230524T02,495260
20230524T01,506381
20230524T00,514609
20230523T23,520472
20230523T22,520939
20230523T21,513901
20230523T20,503859
20230523T19,493153
20230523T18,481234
20230523T17,468466
20230523T16,454490
20230523T15,440888
20230523T14,426960
20230523T13,414014
20230523T12,400920
20230523T11,384527
20230523T10,370140
20230523T09,364894
20230523T08,369259
20230523T07,381849
20230523T06,397543
20230523T05,420212
20230523T04,446096
20230523T03,474512
20230523T02,497180
20230523T01,509245
20230523T00,516890
20230522T23,522176
20230522T22,521143
20230522T21,513306
20230522T20,502740
20230522T19,491164
20230522T18,478926
20230522T17,464807
20230522T16,451256
20230522T15,436695
20230522T14,423678
20230522T13,408815
20230522T12,393543
20230522T11,376077
20230522T10,361189
20230522T09,354412
20230522T08,356504
20230522T07,366895
20230522T06,380230
20230522T05,398847
20230522T04,422529
20230522T03,446069
20230522T02,463843
20230522T01,469084
20230522T00,471377
20230521T23,469624
20230521T22,463215
20230521T21,451366
20230521T20,440060
20230521T19,430468
20230521T18,422233
20230521T17,411374
20230521T16,399365
20230521T15,386811
20230521T14,373958
20230521T13,360731
20230521T12,349110
20230521T11,344787
20230521T10,345818
20230521T09,348975
20230521T08,355828
20230521T07,366650
20230521T06,382212
20230521T05,399114
20230521T04,419580
20230521T03,439222
20230521T02,453477
20230521T01,459492
20230521T00,463853
20230520T23,467195
20230520T22,465900
20230520T21,459557
20230520T20,452295
20230520T19,445417
20230520T18,438711
20230520T17,431168
20230520T16,420843
20230520T15,407645
20230520T14,393043
20230520T13,378424
20230520T12,365196
20230520T11,358229
20230520T10,356391
20230520T09,358555
20230520T08,366407
20230520T07,377306
20230520T06,392729
20230520T05,412173
20230520T04,435311
20230520T03,455596
20230520T02,472652
20230520T01,481756
20230520T00,490347
20230519T23,496286
20230519T22,500037
20230519T21,497090
20230519T20,491667
20230519T19,485011
20230519T18,477612
20230519T17,467171
20230519T16,455338
20230519T15,441977
20230519T14,428836
20230519T13,415148
20230519T12,400902
20230519T11,384525
20230519T10,369948
20230519T09,365778
20230519T08,370403
20230519T07,380562
20230519T06,397996
20230519T05,417813
20230519T04,442310
20230519T03,467710
20230519T02,488349
20230519T01,496933
20230519T00,501782
20230518T23,506180
20230518T22,505401
20230518T21,494844
20230518T20,488788
20230518T19,480009
20230518T18,470681
20230518T17,459550
20230518T16,447477
20230518T15,435468
20230518T14,423530
20230518T13,412150
20230518T12,400567
20230518T11,383558
20230518T10,369460
20230518T09,364466
20230518T08,368105
20230518T07,377888
20230518T06,393842
20230518T05,415620
20230518T04,441957
20230518T03,468663
20230518T02,490424
20230518T01,501398
20230518T00,507673
20230517T23,511586
20230517T22,508607
20230517T21,501060
20230517T20,493366
20230517T19,483002
20230517T18,473477
20230517T17,463687
20230517T16,451187
20230517T15,438258
20230517T14,426822
20230517T13,415948
20230517T12,403066
20230517T11,385636
20230517T10,371057
20230517T09,366992
20230517T08,371347
20230517T07,382238
20230517T06,399984
20230517T05,418990
20230517T04,446166
20230517T03,474186
20230517T02,495113
20230517T01,505378
20230517T00,511346
20230516T23,519107
20230516T22,521723
20230516T21,519092
20230516T20,512123
20230516T19,502840
20230516T18,491544
20230516T17,476702
20230516T16,461889
20230516T15,446316
20230516T14,431882
20230516T13,418602
20230516T12,403764
20230516T11,385471
20230516T10,371050
20230516T09,365501
20230516T08,369498
20230516T07,381925
20230516T06,396902
20230516T05,417827
20230516T04,442919
20230516T03,470740
20230516T02,493920
20230516T01,503994
20230516T00,509977
20230515T23,516157
20230515T22,516666
20230515T21,511199
20230515T20,505563
20230515T19,496770
20230515T18,486682
20230515T17,473215
20230515T16,458713
20230515T15,442440
20230515T14,427637
20230515T13,414029
20230515T12,399209
20230515T11,380926
20230515T10,364433
20230515T09,358157
20230515T08,360988
20230515T07,372312
20230515T06,386516
20230515T05,406704
20230515T04,430681
20230515T03,454589
20230515T02,471060
20230515T01,476576
20230515T00,478429
20230514T23,481156
20230514T22,478852
20230514T21,469837
20230514T20,460215
20230514T19,451119
20230514T18,442201
20230514T17,429646
20230514T16,415335
20230514T15,399494
20230514T14,383316
20230514T13,364817
20230514T12,350570
20230514T11,346030
20230514T10,346601
20230514T09,350047
20230514T08,358125
20230514T07,369723
20230514T06,386267
20230514T05,408362
20230514T04,430882
20230514T03,452027
20230514T02,467948
20230514T01,475001
20230514T00,480730
20230513T23,486436
20230513T22,486716
20230513T21,481069
20230513T20,474189
20230513T19,466371
20230513T18,457276
20230513T17,445692
20230513T16,432140
20230513T15,416639
20230513T14,399941
20230513T13,382277
20230513T12,369130
20230513T11,362896
20230513T10,362032
20230513T09,365035
20230513T08,372345
20230513T07,385134
20230513T06,404063
20230513T05,424647
20230513T04,449307
20230513T03,472322
20230513T02,490900
20230513T01,500422
20230513T00,509228
20230512T23,519202
20230512T22,522937
20230512T21,518571
20230512T20,512057
20230512T19,503322
20230512T18,492381
20230512T17,479918
20230512T16,466850
20230512T15,452639
20230512T14,438433
20230512T13,424243
20230512T12,408730
20230512T11,392213
20230512T10,377899
20230512T09,372043
20230512T08,376295
20230512T07,386728
20230512T06,402450
20230512T05,421615
20230512T04,445254
20230512T03,469826
20230512T02,489691
20230512T01,499500
20230512T00,505436
20230511T23,512587
20230511T22,512516
20230511T21,505876
20230511T20,496861
20230511T19,486515
20230511T18,475257
20230511T17,463990
20230511T16,453091
20230511T15,441321
20230511T14,428647
20230511T13,416732
20230511T12,403098
20230511T11,386108
20230511T10,369650
20230511T09,364026
20230511T08,366655
20230511T07,375619
20230511T06,390084
20230511T05,408383
20230511T04,431548
20230511T03,454279
20230511T02,472432
20230511T01,480875
20230511T00,486768
20230510T23,492533
20230510T22,493105
20230510T21,486862
20230510T20,479204
20230510T19,471055
20230510T18,461046
20230510T17,452174
20230510T16,442450
20230510T15,432236
20230510T14,421427
20230510T13,411002
20230510T12,398970
20230510T11,383123
20230510T10,365793
20230510T09,360462
20230510T08,363952
20230510T07,374017
20230510T06,389616
20230510T05,408942
20230510T04,432694
20230510T03,456415
20230510T02,476423
20230510T01,484900
20230510T00,491251
20230509T23,496540
20230509T22,496655
20230509T21,492560
20230509T20,486381
20230509T19,479925
20230509T18,471687
20230509T17,461383
20230509T16,450739
20230509T15,439640
20230509T14,426739
20230509T13,414576
20230509T12,402339
20230509T11,384756
20230509T10,369624
20230509T09,364086
20230509T08,367390
20230509T07,378705
20230509T06,394215
20230509T05,415372
20230509T04,438433
20230509T03,464116
20230509T02,486135
20230509T01,497529
20230509T00,504617
20230508T23,510452
20230508T22,508979
20230508T21,500590
20230508T20,491474
20230508T19,481661
20230508T18,471123
20230508T17,459653
20230508T16,448813
20230508T15,436553
20230508T14,423037
20230508T13,410703
20230508T12,396506
20230508T11,376986
20230508T10,361063
20230508T09,353785
20230508T08,355568
20230508T07,363475
20230508T06,377282
20230508T05,396001
20230508T04,415812
20230508T03,437170
20230508T02,453185
20230508T01,458302
20230508T00,459844
20230507T23,460762
20230507T22,456721
20230507T21,447660
20230507T20,439135
20230507T19,430217
20230507T18,421160
20230507T17,409689
20230507T16,398673
20230507T15,386296
20230507T14,372639
20230507T13,358116
20230507T12,347063
20230507T11,343453
20230507T10,342637
20230507T09,344271
20230507T08,349383
20230507T07,359053
20230507T06,372254
20230507T05,388034
20230507T04,406462
20230507T03,423692
20230507T02,437123
20230507T01,441927
20230507T00,443605
20230506T23,446055
20230506T22,444135
20230506T21,437588
20230506T20,430166
20230506T19,423891
20230506T18,417147
20230506T17,410524
20230506T16,402011
20230506T15,391349
20230506T14,380253
20230506T13,368285
20230506T12,358891
20230506T11,353466
20230506T10,349595
20230506T09,351257
20230506T08,356027
20230506T07,364879
20230506T06,378105
20230506T05,394139
20230506T04,413656
20230506T03,431819
20230506T02,446009
20230506T01,452115
20230506T00,454933
20230505T23,459607
20230505T22,460587
20230505T21,458313
20230505T20,454876
20230505T19,450449
20230505T18,445239
20230505T17,440458
20230505T16,434131
20230505T15,426480
20230505T14,419245
20230505T13,411576
20230505T12,402237
20230505T11,384193
20230505T10,367622
20230505T09,360488
20230505T08,360502
20230505T07,367319
20230505T06,378951
20230505T05,394210
20230505T04,413852
20230505T03,433344
20230505T02,449294
20230505T01,454164
20230505T00,453993
20230504T23,455948
20230504T22,455071
20230504T21,451929
20230504T20,447425
20230504T19,443495
20230504T18,438207
20230504T17,433502
20230504T16,429615
20230504T15,425988
20230504T14,421426
20230504T13,417914
20230504T12,409080
20230504T11,389144
20230504T10,368143
20230504T09,360225
20230504T08,360118
20230504T07,366871
20230504T06,378467
20230504T05,393625
20230504T04,413669
20230504T03,434691
20230504T02,451136
20230504T01,456016
20230504T00,455594
20230503T23,456150
20230503T22,453574
20230503T21,446876
20230503T20,442995
20230503T19,437122
20230503T18,433889
20230503T17,431876
20230503T16,428427
20230503T15,426149
20230503T14,421849
20230503T13,417911
20230503T12,408519
20230503T11,388788
20230503T10,367766
20230503T09,360425
20230503T08,359785
20230503T07,365710
20230503T06,377769
20230503T05,392742
20230503T04,412622
20230503T03,432696
20230503T02,449028
20230503T01,455140
20230503T00,454110
20230502T23,454124
20230502T22,452693
20230502T21,447603
20230502T20,442092
20230502T19,438603
20230502T18,435871
20230502T17,432525
20230502T16,430114
20230502T15,426946
20230502T14,422938
20230502T13,418102
20230502T12,408667
20230502T11,388299
20230502T10,367368
20230502T09,360072
20230502T08,360869
20230502T07,367091
20230502T06,377472
20230502T05,393024
20230502T04,412895
20230502T03,434097
20230502T02,450205
20230502T01,455799
20230502T00,455195
20230501T23,455945
20230501T22,453480
20230501T21,446934
20230501T20,442058
20230501T19,438528
20230501T18,434552
20230501T17,430488
20230501T16,426835
20230501T15,421140
20230501T14,416033
20230501T13,411107
20230501T12,400650
20230501T11,379865
20230501T10,357050
20230501T09,347207
20230501T08,346837
20230501T07,353434
20230501T06,364421
20230501T05,379201
20230501T04,397910
20230501T03,416821
20230501T02,431660
20230501T01,434051
20230501T00,431536
20230430T23,429460
20230430T22,423677
20230430T21,413969
20230430T20,406269
20230430T19,401330
20230430T18,397847
20230430T17,393690
20230430T16,387588
20230430T15,380238
20230430T14,371438
20230430T13,358646
20230430T12,346219
20230430T11,341258
20230430T10,338099
20230430T09,337945
20230430T08,341355
20230430T07,348766
20230430T06,359358
20230430T05,373749
20230430T04,391625
20230430T03,407642
20230430T02,417518
20230430T01,419907
20230430T00,416799
20230429T23,415380
20230429T22,413571
20230429T21,409715
20230429T20,407719
20230429T19,406797
20230429T18,407056
20230429T17,405983
20230429T16,402304
20230429T15,395442
20230429T14,385685
20230429T13,373217
20230429T12,359947
20230429T11,351391
20230429T10,348124
20230429T09,348503
20230429T08,353045
20230429T07,361788
20230429T06,374152
20230429T05,389879
20230429T04,408890
20230429T03,427582
20230429T02,442279
20230429T01,448285
20230429T00,450482
20230428T23,454475
20230428T22,455719
20230428T21,452257
20230428T20,447897
20230428T19,442984
20230428T18,438971
20230428T17,434550
20230428T16,431358
20230428T15,425809
20230428T14,418639
20230428T13,409793
20230428T12,397575
20230428T11,378336
20230428T10,361090
20230428T09,353943
20230428T08,355015
20230428T07,363082
20230428T06,376290
20230428T05,392604
20230428T04,412663
20230428T03,432052
20230428T02,447679
20230428T01,451745
20230428T00,448466
20230427T23,446236
20230427T22,443677
20230427T21,444946
20230427T20,435852
20230427T19,435148
20230427T18,433947
20230427T17,431779
20230427T16,430103
20230427T15,427707
20230427T14,422577
20230427T13,416891
20230427T12,406455
20230427T11,386785
20230427T10,365547
20230427T09,357602
20230427T08,359320
20230427T07,367111
20230427T06,378523
20230427T05,393666
20230427T04,413832
20230427T03,432843
20230427T02,448220
20230427T01,451124
20230427T00,447272
20230426T23,446134
20230426T22,443351
20230426T21,439152
20230426T20,437092
20230426T19,435223
20230426T18,433207
20230426T17,432175
20230426T16,431226
20230426T15,428803
20230426T14,424249
20230426T13,420298
20230426T12,410342
20230426T11,391315
20230426T10,369748
20230426T09,360553
20230426T08,361027
20230426T07,367339
20230426T06,377777
20230426T05,392194
20230426T04,411005
20230426T03,428843
20230426T02,443389
20230426T01,446239
20230426T00,440892
20230425T23,439171
20230425T22,437587
20230425T21,433600
20230425T20,430835
20230425T19,430061
20230425T18,429279
20230425T17,429020
20230425T16,428689
20230425T15,426850
20230425T14,424648
20230425T13,423195
20230425T12,416254
20230425T11,396335
20230425T10,372405
20230425T09,362282
20230425T08,361404
20230425T07,367611
20230425T06,376345
20230425T05,389207
20230425T04,406920
20230425T03,424303
20230425T02,437833
20230425T01,438411
20230425T00,432515
20230424T23,429172
20230424T22,425929
20230424T21,422854
20230424T20,422287
20230424T19,422963
20230424T18,424745
20230424T17,425887
20230424T16,427970
20230424T15,428442
20230424T14,428054
20230424T13,425129
20230424T12,414682
20230424T11,391684
20230424T10,367600
20230424T09,356297
20230424T08,354406
20230424T07,359021
20230424T06,367760
20230424T05,379996
20230424T04,396248
20230424T03,412863
20230424T02,424636
20230424T01,424431
20230424T00,417690
20230423T23,413293
20230423T22,409044
20230423T21,404392
20230423T20,400463
20230423T19,398809
20230423T18,397503
20230423T17,394686
20230423T16,390490
20230423T15,386350
20230423T14,378523
20230423T13,368099
20230423T12,355864
20230423T11,347541
20230423T10,344984
20230423T09,344256
20230423T08,347238
20230423T07,354018
20230423T06,363473
20230423T05,376139
20230423T04,391494
20230423T03,406033
20230423T02,417070
20230423T01,419632
20230423T00,419314
20230422T23,420896
20230422T22,419894
20230422T21,416596
20230422T20,412849
20230422T19,411397
20230422T18,410439
20230422T17,407678
20230422T16,403716
20230422T15,397830
20230422T14,387603
20230422T13,373156
20230422T12,359259
20230422T11,351061
20230422T10,346964
20230422T09,346351
20230422T08,350612
20230422T07,359464
20230422T06,371384
20230422T05,387363
20230422T04,406780
20230422T03,425395
20230422T02,439143
20230422T01,446403
20230422T00,449963
20230421T23,455789
20230421T22,457823
20230421T21,454850
20230421T20,450339
20230421T19,445032
20230421T18,440001
20230421T17,420655
20230421T16,432381
20230421T15,426368
20230421T14,418415
20230421T13,409431
20230421T12,395669
20230421T11,375924
20230421T10,360273
20230421T09,352891
20230421T08,355538
20230421T07,364539
20230421T06,378192
20230421T05,395951
20230421T04,418105
20230421T03,440572
20230421T02,458890
20230421T01,467837
20230421T00,470463
20230420T23,474717
20230420T22,474153
20230420T21,468288
20230420T20,460613
20230420T19,454644
20230420T18,449549
20230420T17,444737
20230420T16,439774
20230420T15,433845
20230420T14,425572
20230420T13,416342
20230420T12,405974
20230420T11,387354
20230420T10,367314
20230420T09,357236
20230420T08,357746
20230420T07,365475
20230420T06,378187
20230420T05,394786
20230420T04,415931
20230420T03,437239
20230420T02,455003
20230420T01,461087
20230420T00,462331
20230419T23,465005
20230419T22,461505
20230419T21,454417
20230419T20,448011
20230419T19,441980
20230419T18,437472
20230419T17,434995
20230419T16,434236
20230419T15,429728
20230419T14,423032
20230419T13,417542
20230419T12,408451
20230419T11,387257
20230419T10,366170
20230419T09,357006
20230419T08,356786
20230419T07,363042
20230419T06,373669
20230419T05,389494
20230419T04,409006
20230419T03,428149
20230419T02,443851
20230419T01,447504
20230419T00,445506
20230418T23,444988
20230418T22,442157
20230418T21,436515
20230418T20,430818
20230418T19,427572
20230418T18,427059
20230418T17,426897
20230418T16,426933
20230418T15,426698
20230418T14,424162
20230418T13,421298
20230418T12,412270
20230418T11,391287
20230418T10,368338
20230418T09,357877
20230418T08,357036
20230418T07,362058
20230418T06,372571
20230418T05,387087
20230418T04,405679
20230418T03,425292
20230418T02,440977
20230418T01,445881
20230418T00,444969
20230417T23,444383
20230417T22,442556
20230417T21,437232
20230417T20,432267
20230417T19,430031
20230417T18,430399
20230417T17,431585
20230417T16,432708
20230417T15,432365
20230417T14,427702
20230417T13,420468
20230417T12,406359
20230417T11,381844
20230417T10,358531
20230417T09,348486
20230417T08,346620
20230417T07,352542
20230417T06,362980
20230417T05,377241
20230417T04,395601
20230417T03,412713
20230417T02,426168
20230417T01,430409
20230417T00,428031
20230416T23,426720
20230416T22,422537
20230416T21,416693
20230416T20,412463
20230416T19,409725
20230416T18,406554
20230416T17,402965
20230416T16,395215
20230416T15,385710
20230416T14,373456
20230416T13,358265
20230416T12,345870
20230416T11,339985
20230416T10,338529
20230416T09,339333
20230416T08,344202
20230416T07,354533
20230416T06,366326
20230416T05,383314
20230416T04,403178
20230416T03,419181
20230416T02,432925
20230416T01,439727
20230416T00,444326
20230415T23,448933
20230415T22,449409
20230415T21,445859
20230415T20,439541
20230415T19,435112
20230415T18,430185
20230415T17,423850
20230415T16,414776
20230415T15,403785
20230415T14,390526
20230415T13,375588
20230415T12,361564
20230415T11,353375
20230415T10,349507
20230415T09,349167
20230415T08,353808
20230415T07,362657
20230415T06,375561
20230415T05,392557
20230415T04,412473
20230415T03,430789
20230415T02,445615
20230415T01,453830
20230415T00,458342
20230414T23,466473
20230414T22,469406
20230414T21,466635
20230414T20,462382
20230414T19,458090
20230414T18,453753
20230414T17,448163
20230414T16,442135
20230414T15,433756
20230414T14,421852
20230414T13,409656
20230414T12,395726
20230414T11,376594
20230414T10,360030
20230414T09,353841
20230414T08,355253
20230414T07,363769
20230414T06,376808
20230414T05,393965
20230414T04,417629
20230414T03,440498
20230414T02,458831
20230414T01,466684
20230414T00,470499
20230413T23,473097
20230413T22,471476
20230413T21,464685
20230413T20,458161
20230413T19,451664
20230413T18,445368
20230413T17,439617
20230413T16,432867
20230413T15,426490
20230413T14,418214
20230413T13,410201
20230413T12,398289
20230413T11,377994
20230413T10,358228
20230413T09,350389
20230413T08,351243
20230413T07,358764
20230413T06,371098
20230413T05,387921
20230413T04,409143
20230413T03,431409
20230413T02,448721
20230413T01,454874
20230413T00,454658
20230412T23,454376
20230412T22,450512
20230412T21,443181
20230412T20,436151
20230412T19,431724
20230412T18,427490
20230412T17,423902
20230412T16,420383
20230412T15,418043
20230412T14,415006
20230412T13,411817
20230412T12,403260
20230412T11,381816
20230412T10,360278
20230412T09,350858
20230412T08,350656
20230412T07,356515
20230412T06,368729
20230412T05,384495
20230412T04,405168
20230412T03,425572
20230412T02,441136
20230412T01,446134
20230412T00,442021
20230411T23,439588
20230411T22,436131
20230411T21,430658
20230411T20,425828
20230411T19,422723
20230411T18,419881
20230411T17,419027
20230411T16,419218
20230411T15,419514
20230411T14,419590
20230411T13,420772
20230411T12,415134
20230411T11,393523
20230411T10,368595
20230411T09,357724
20230411T08,356861
20230411T07,361189
20230411T06,370495
20230411T05,384165
20230411T04,403409
20230411T03,423476
20230411T02,437541
20230411T01,439933
20230411T00,432234
20230410T23,426785
20230410T22,421369
20230410T21,416701
20230410T20,414527
20230410T19,415248
20230410T18,415779
20230410T17,417036
20230410T16,418175
20230410T15,419387
20230410T14,419481
20230410T13,419227
20230410T12,411108
20230410T11,389156
20230410T10,364756
20230410T09,351938
20230410T08,348521
20230410T07,351303
20230410T06,357857
20230410T05,367873
20230410T04,382811
20230410T03,395898
20230410T02,402529
20230410T01,398719
20230410T00,385093
20230409T23,376146
20230409T22,369259
20230409T21,365014
20230409T20,365654
20230409T19,368967
20230409T18,374791
20230409T17,379890
20230409T16,382949
20230409T15,384811
20230409T14,385372
20230409T13,381034
20230409T12,373231
20230409T11,365058
20230409T10,357667
20230409T09,355924
20230409T08,358635
20230409T07,364410
20230409T06,373987
20230409T05,386648
20230409T04,401000
20230409T03,412864
20230409T02,419551
20230409T01,419133
20230409T00,412448
20230408T23,407831
20230408T22,403062
20230408T21,398089
20230408T20,396236
20230408T19,396341
20230408T18,399594
20230408T17,402899
20230408T16,405321
20230408T15,404194
20230408T14,398283
20230408T13,387727
